rank,lemma,PoS,freq,description_de,difficulty,kategorie,discrimination
5,of,i,23159162.0,von,0.0034176349965823654,English,1
15,do,v,8186412.0,Tun,0.006835269993164731,English,1
25,they,p,4503650.0,Sie,0.010252904989747095,English,1
35,she,p,3188078.0,sie,0.013670539986329461,English,1
45,about,i,2427703.0,um,0.017088174982911826,English,1
55,there,e,1980173.0,Dort,0.02050580997949419,English,1
65,him,p,1717209.0,ihn,0.023923444976076555,English,1
75,could,v,1529795.0,könnte,0.027341079972658923,English,1
85,no,a,1206112.0,NEIN,0.030758714969241284,English,1
95,man,n,1091176.0,Mann,0.03417634996582365,English,1
105,very,r,963552.0,sehr,0.03759398496240601,English,1
115,work,v,854095.0,arbeiten,0.04101161995898838,English,1
125,call,v,768117.0,Forderung,0.04442925495557075,English,1
135,in,r,726590.0,In,0.04784688995215311,English,1
145,as,r,662376.0,als,0.05126452494873548,English,1
155,help,v,606887.0,Hilfe,0.054682159945317846,English,1
165,every,a,567233.0,jeden,0.05809979494190021,English,1
175,yes,u,537066.0,Ja,0.06151742993848257,English,1
185,its,a,511922.0,es ist,0.06493506493506494,English,1
195,hand,n,481332.0,Hand,0.0683526999316473,English,1
205,about,r,462995.0,um,0.07177033492822966,English,1
215,without,i,438567.0,ohne,0.07518796992481203,English,1
225,story,n,432184.0,Geschichte,0.0786056049213944,English,1
235,begin,v,421878.0,Start,0.08202323991797676,English,1
245,fact,n,399574.0,Tatsache,0.08544087491455912,English,1
255,maybe,r,374325.0,Vielleicht,0.0888585099111415,English,1
265,issue,n,362137.0,Ausgabe,0.09227614490772384,English,1
275,though,c,352608.0,obwohl,0.09569377990430622,English,1
285,best,j,348202.0,am besten,0.09911141490088858,English,1
295,both,d,338454.0,beide,0.10252904989747096,English,1
305,much,r,329230.0,viel,0.10594668489405332,English,1
315,four,m,319834.0,vier,0.10936431989063569,English,1
325,car,n,313437.0,Auto,0.11278195488721804,English,1
335,back,n,302390.0,zurück,0.11619958988380041,English,1
345,member,n,292596.0,Mitglied,0.11961722488038277,English,1
355,whether,c,280973.0,ob,0.12303485987696514,English,1
365,stay,v,275504.0,bleiben,0.1264524948735475,English,1
375,die,v,264537.0,sterben,0.12987012987012989,English,1
385,office,n,258157.0,Büro,0.13328776486671223,English,1
395,grow,v,248803.0,wachsen,0.1367053998632946,English,1
405,second,m,243485.0,zweite,0.14012303485987695,English,1
415,low,j,237027.0,niedrig,0.14354066985645933,English,1
425,whole,j,233110.0,ganz,0.1469583048530417,English,1
435,hard,j,228234.0,hart,0.15037593984962405,English,1
445,police,n,219041.0,Polizei,0.15379357484620643,English,1
455,break,v,213364.0,brechen,0.1572112098427888,English,1
465,listen,v,208819.0,Hören,0.16062884483937115,English,1
475,full,j,204252.0,voll,0.16404647983595352,English,1
485,local,j,200668.0,lokal,0.1674641148325359,English,1
495,value,n,195639.0,Wert,0.17088174982911825,English,1
505,explain,v,193276.0,erklären,0.17429938482570062,English,1
515,movie,n,190773.0,Film,0.177717019822283,English,1
525,difference,n,185310.0,Unterschied,0.18113465481886531,English,1
535,effort,n,181751.0,Bemühung,0.1845522898154477,English,1
545,because,i,178859.0,Weil,0.18796992481203006,English,1
555,need,n,175440.0,brauchen,0.19138755980861244,English,1
565,situation,n,171026.0,Situation,0.19480519480519481,English,1
575,share,v,168892.0,Aktie,0.19822282980177716,English,1
585,simply,r,166556.0,einfach,0.20164046479835954,English,1
595,open,j,163231.0,offen,0.2050580997949419,English,1
605,save,v,161469.0,speichern,0.20847573479152426,English,1
615,guess,v,159454.0,erraten,0.21189336978810663,English,1
625,election,n,156532.0,Wahl,0.215311004784689,English,1
635,certain,j,154059.0,bestimmt,0.21872863978127138,English,1
645,available,j,151406.0,verfügbar,0.2221462747778537,English,1
655,current,j,148387.0,aktuell,0.22556390977443608,English,1
665,list,n,146495.0,Liste,0.22898154477101845,English,1
675,fire,n,144750.0,Feuer,0.23239917976760083,English,1
685,author,n,142352.0,Autor,0.23581681476418317,English,1
695,note,v,139111.0,Notiz,0.23923444976076555,English,1
705,nearly,r,138034.0,fast,0.24265208475734792,English,1
715,top,n,136658.0,Spitze,0.24606971975393027,English,1
725,worker,n,135244.0,Arbeiter,0.24948735475051265,English,1
735,race,n,133182.0,Wettrennen,0.252904989747095,English,1
745,poor,j,131105.0,arm,0.2563226247436774,English,1
765,defense,n,127924.0,Verteidigung,0.25974025974025977,English,1
775,century,n,126668.0,Jahrhundert,0.2631578947368421,English,1
785,animal,n,124835.0,Tier,0.26657552973342447,English,1
795,mile,n,122899.0,Meile,0.26999316473000684,English,1
805,compare,v,120978.0,vergleichen,0.2734107997265892,English,1
815,sister,n,120346.0,Schwester,0.27682843472317153,English,1
825,thus,r,118653.0,daher,0.2802460697197539,English,1
835,candidate,n,116347.0,Kandidat,0.2836637047163363,English,1
845,somebody,p,115363.0,jemand,0.28708133971291866,English,1
855,meeting,n,114209.0,treffen,0.29049897470950103,English,1
865,imagine,v,112572.0,vorstellen,0.2939166097060834,English,1
875,disease,n,111433.0,Krankheit,0.2973342447026658,English,1
885,apply,v,110328.0,anwenden,0.3007518796992481,English,1
895,rise,v,109035.0,erheben,0.3041695146958305,English,1
905,set,n,106920.0,Satz,0.30758714969241285,English,1
915,method,n,105544.0,Methode,0.31100478468899523,English,1
925,shit,n,104498.0,Scheisse,0.3144224196855776,English,1
935,interview,n,103566.0,Interview,0.31784005468216,English,1
945,blue,j,102172.0,Blau,0.3212576896787423,English,1
955,environment,n,101479.0,Umfeld,0.3246753246753247,English,1
965,river,n,100270.0,Fluss,0.32809295967190705,English,1
975,bit,r,99520.0,Bit,0.33151059466848937,English,1
985,absolutely,r,98574.0,absolut,0.3349282296650718,English,1
995,trouble,n,97439.0,Problem,0.3383458646616541,English,1
1005,seat,n,96853.0,Sitz,0.3417634996582365,English,1
1015,necessary,j,95580.0,notwendig,0.34518113465481887,English,1
1025,democratic,j,94862.0,demokratisch,0.34859876965140124,English,1
1035,address,v,94155.0,Adresse,0.35201640464798356,English,1
1045,management,n,93289.0,Management,0.355434039644566,English,1
1055,tomorrow,r,92490.0,morgen,0.3588516746411483,English,1
1065,stick,v,91597.0,Stock,0.36226930963773063,English,1
1075,discover,v,90959.0,entdecken,0.36568694463431306,English,1
1085,user,n,90342.0,Benutzer,0.3691045796308954,English,1
1095,inside,i,89494.0,innen,0.3725222146274778,English,1
1105,nor,c,88431.0,noch,0.37593984962406013,English,1
1115,through,r,87238.0,durch,0.37935748462064256,English,1
1125,mouth,n,86406.0,Mund,0.3827751196172249,English,1
1135,travel,v,85441.0,reisen,0.38619275461380725,English,1
1145,photograph,n,84476.0,Foto,0.38961038961038963,English,1
1155,touch,v,83871.0,berühren,0.393028024606972,English,1
1165,suffer,v,82579.0,leiden,0.3964456596035543,English,1
1175,heat,n,82112.0,Hitze,0.39986329460013675,English,1
1185,judge,n,81312.0,Richter,0.4032809295967191,English,1
1195,fall,n,80585.0,fallen,0.4066985645933014,English,1
1205,internet,n,80144.0,Internet,0.4101161995898838,English,1
1215,element,n,79440.0,Element,0.41353383458646614,English,1
1225,wind,n,78623.0,Wind,0.4169514695830485,English,1
1235,just,j,78214.0,Nur,0.4203691045796309,English,1
1245,interested,j,77632.0,interessiert,0.42378673957621327,English,1
1255,researcher,n,76737.0,Forscher,0.4272043745727956,English,1
1265,capital,n,76018.0,Hauptstadt,0.430622009569378,English,1
1275,hill,n,75365.0,hügel,0.43403964456596034,English,1
1285,basic,j,74208.0,Basic,0.43745727956254277,English,1
1295,engage,v,73493.0,einsetzen,0.4408749145591251,English,1
1305,smile,v,73137.0,lächeln,0.4442925495557074,English,1
1315,contract,n,72568.0,Vertrag,0.44771018455228984,English,1
1325,apple,n,72273.0,Apfel,0.45112781954887216,English,1
1335,sales,n,71601.0,Verkauf,0.4545454545454546,English,1
1345,lake,n,70940.0,See,0.4579630895420369,English,1
1355,gain,v,70275.0,gewinnen,0.4613807245386193,English,1
1365,location,n,69669.0,Standort,0.46479835953520166,English,1
1375,otherwise,r,69243.0,ansonsten,0.46821599453178403,English,1
1385,highly,r,68586.0,höchst,0.47163362952836635,English,1
1395,cry,v,68161.0,weinen,0.4750512645249488,English,1
1405,associate,v,67750.0,assoziieren,0.4784688995215311,English,1
1415,connection,n,67550.0,Verbindung,0.4818865345181134,English,1
1425,smart,j,67232.0,schlau,0.48530416951469585,English,1
1435,ride,v,66723.0,Fahrt,0.48872180451127817,English,1
1445,presence,n,66412.0,Gegenwart,0.49213943950786054,English,1
1455,crowd,n,65965.0,Menge,0.4955570745044429,English,1
1465,border,n,65422.0,Grenze,0.4989747095010253,English,1
1475,website,n,64875.0,Webseite,0.5023923444976076,English,1
1485,relation,n,64199.0,Beziehung,0.50580997949419,English,1
1495,volume,n,63626.0,Volumen,0.5092276144907724,English,1
1505,extra,j,63392.0,extra,0.5126452494873548,English,1
1515,hire,v,62794.0,mieten,0.5160628844839371,English,1
1525,forest,n,61942.0,Wald,0.5194805194805195,English,1
1535,focus,n,61392.0,Fokus,0.5228981544771019,English,1
1545,advice,n,60861.0,Beratung,0.5263157894736842,English,1
1555,enemy,n,60473.0,Feind,0.5297334244702666,English,1
1565,female,j,60116.0,weiblich,0.5331510594668489,English,1
1575,glad,j,59681.0,froh,0.5365686944634314,English,1
1585,kick,v,59307.0,trete,0.5399863294600137,English,1
1595,actor,n,58856.0,Schauspieler,0.543403964456596,English,1
1605,topic,n,58410.0,Thema,0.5468215994531784,English,1
1615,session,n,58108.0,Sitzung,0.5502392344497608,English,1
1625,wine,n,57614.0,Wein,0.5536568694463431,English,1
1635,youth,n,57132.0,Jugend,0.5570745044429255,English,1
1645,extend,v,56458.0,erweitern,0.5604921394395078,English,1
1655,surprise,n,56116.0,Überraschung,0.5639097744360901,English,1
1665,slightly,r,55389.0,leicht,0.5673274094326726,English,1
1675,lift,v,54954.0,Aufzug,0.5707450444292549,English,1
1685,excuse,v,54672.0,Ausrede,0.5741626794258373,English,1
1695,desire,n,54265.0,Verlangen,0.5775803144224196,English,1
1705,anywhere,r,53945.0,überall,0.5809979494190021,English,1
1715,grand,j,53325.0,großartig,0.5844155844155844,English,1
1725,angry,j,52980.0,wütend,0.5878332194121668,English,1
1735,struggle,v,52598.0,Kampf,0.5912508544087491,English,1
1745,neck,n,52214.0,Nacken,0.5946684894053316,English,1
1755,generate,v,51796.0,generieren,0.5980861244019139,English,1
1765,literature,n,51523.0,Literatur,0.6015037593984962,English,1
1775,capture,v,51215.0,ergreifen,0.6049213943950786,English,1
1785,studio,n,50758.0,Studio,0.608339029391661,English,1
1795,circle,n,50510.0,Kreis,0.6117566643882434,English,1
1805,colleague,n,50084.0,Kollege,0.6151742993848257,English,1
1815,works,n,49867.0,funktioniert,0.6185919343814081,English,1
1825,comfortable,j,49532.0,komfortabel,0.6220095693779905,English,1
1835,teaching,n,49167.0,Lehren,0.6254272043745728,English,1
1845,live,j,48836.0,live,0.6288448393711552,English,1
1855,zone,n,48403.0,Zone,0.6322624743677375,English,1
1865,minority,n,48052.0,Minderheit,0.63568010936432,English,1
1875,gender,n,47825.0,Geschlecht,0.6390977443609023,English,1
1885,domestic,j,47518.0,inländisch,0.6425153793574846,English,1
1895,percentage,n,47208.0,Prozentsatz,0.645933014354067,English,1
1905,request,n,46865.0,Anfrage,0.6493506493506493,English,1
1915,fee,n,46768.0,Gebühr,0.6527682843472317,English,1
1925,tooth,n,46405.0,Zahn,0.6561859193438141,English,1
1935,self,n,46225.0,selbst,0.6596035543403965,English,1
1945,chapter,n,45911.0,Kapitel,0.6630211893369787,English,1
1955,shift,v,45537.0,Schicht,0.6664388243335612,English,1
1965,convention,n,45389.0,Konvention,0.6698564593301436,English,1
1975,scream,v,45103.0,Schrei,0.6732740943267259,English,1
1985,extent,n,44804.0,Ausmaß,0.6766917293233082,English,1
1995,accuse,v,44491.0,beschuldigen,0.6801093643198907,English,1
2005,farmer,n,44255.0,Bauer,0.683526999316473,English,1
2015,contribution,n,43738.0,Beitrag,0.6869446343130553,English,1
2025,question,v,43506.0,Frage,0.6903622693096377,English,1
2035,era,n,43331.0,Epoche,0.69377990430622,English,1
2045,expose,v,43119.0,exponieren,0.6971975393028025,English,1
2055,guide,n,42871.0,Führung,0.7006151742993848,English,1
2065,escape,v,42473.0,fliehen,0.7040328092959671,English,1
2075,eliminate,v,42246.0,beseitigen,0.7074504442925496,English,1
2085,pretty,j,41937.0,hübsch,0.710868079289132,English,1
2095,muscle,n,41650.0,Muskel,0.7142857142857142,English,1
2105,far,c,41427.0,weit,0.7177033492822966,English,1
2115,cycle,n,41088.0,Zyklus,0.721120984278879,English,1
2125,judgment,n,40961.0,Beurteilung,0.7245386192754613,English,1
2135,lie,n,40794.0,Lüge,0.7279562542720437,English,1
2145,hand,v,40469.0,Hand,0.7313738892686261,English,1
2155,fast,j,40261.0,schnell,0.7347915242652086,English,1
2165,basketball,n,40007.0,Basketball,0.7382091592617908,English,1
2175,quote,v,39780.0,zitieren,0.7416267942583732,English,1
2185,immigration,n,39570.0,Einwanderung,0.7450444292549556,English,1
2195,separate,v,39416.0,getrennt,0.748462064251538,English,1
2205,flow,n,39098.0,Fluss,0.7518796992481203,English,1
2215,technical,j,38887.0,technisch,0.7552973342447027,English,1
2225,mark,n,38593.0,markieren,0.7587149692412851,English,1
2235,soil,n,38159.0,Boden,0.7621326042378673,English,1
2245,selection,n,37940.0,Auswahl,0.7655502392344498,English,1
2255,resolution,n,37841.0,Auflösung,0.7689678742310322,English,1
2265,dude,n,37467.0,Alter,0.7723855092276145,English,1
2275,slow,v,37312.0,langsam,0.7758031442241968,English,1
2285,essentially,r,37053.0,im Wesentlichen,0.7792207792207793,English,1
2295,offense,n,36790.0,Delikt,0.7826384142173616,English,1
2305,fairly,r,36548.0,ziemlich,0.786056049213944,English,1
2315,pregnant,j,36303.0,schwanger,0.7894736842105263,English,1
2325,deficit,n,36029.0,Defizit,0.7928913192071086,English,1
2335,philosophy,n,35824.0,Philosophie,0.7963089542036911,English,1
2345,prosecutor,n,35613.0,Staatsanwalt,0.7997265892002735,English,1
2355,knife,n,35408.0,Messer,0.8031442241968557,English,1
2365,housing,n,35224.0,Gehäuse,0.8065618591934381,English,1
2375,pop,v,34932.0,Pop,0.8099794941900206,English,1
2385,publication,n,34656.0,Veröffentlichung,0.8133971291866028,English,1
2395,beneath,i,34337.0,unter,0.8168147641831852,English,1
2405,pepper,n,34195.0,Pfeffer,0.8202323991797676,English,1
2415,accomplish,v,33992.0,erreichen,0.82365003417635,English,1
2425,consist,v,33777.0,bestehen,0.8270676691729323,English,1
2435,engineering,n,33630.0,Maschinenbau,0.8304853041695147,English,1
2445,jail,n,33453.0,Gefängnis,0.833902939166097,English,1
2455,brief,j,33229.0,knapp,0.8373205741626795,English,1
2465,shout,v,33053.0,schreien,0.8407382091592618,English,1
2475,avenue,n,32968.0,Allee,0.8441558441558441,English,1
2485,scholar,n,32846.0,Gelehrte,0.8475734791524265,English,1
2495,illness,n,32704.0,Erkrankung,0.8509911141490089,English,1
2505,awesome,j,32423.0,Eindrucksvoll,0.8544087491455912,English,1
2515,designer,n,32303.0,Designer,0.8578263841421736,English,1
2525,retire,v,32169.0,ausscheiden,0.861244019138756,English,1
2535,incredible,j,31983.0,unglaublich,0.8646616541353382,English,1
2545,rarely,r,31748.0,selten,0.8680792891319207,English,1
2555,giant,n,31557.0,Riese,0.8714969241285031,English,1
2565,stream,n,31393.0,Strom,0.8749145591250855,English,1
2575,twitter,n,31238.0,Twitter,0.8783321941216677,English,1
2585,accurate,j,31068.0,präzise,0.8817498291182502,English,1
2595,pay,n,30935.0,zahlen,0.8851674641148326,English,1
2605,another,p,30791.0,andere,0.8885850991114148,English,1
2615,potentially,r,30671.0,möglicherweise,0.8920027341079972,English,1
2625,slide,v,30451.0,gleiten,0.8954203691045797,English,1
2635,rather,c,30233.0,eher,0.8988380041011621,English,1
2645,reputation,n,29988.0,Ruf,0.9022556390977443,English,1
2655,giant,j,29852.0,Riese,0.9056732740943267,English,1
2665,fishing,n,29682.0,Angeln,0.9090909090909092,English,1
2675,stranger,n,29572.0,Fremder,0.9125085440874915,English,1
2695,negotiation,n,29385.0,Verhandlung,0.9159261790840738,English,1
2705,sequence,n,29257.0,Reihenfolge,0.9193438140806562,English,1
2715,weigh,v,29121.0,wiegen,0.9227614490772386,English,1
2725,electronic,j,29064.0,elektronisch,0.9261790840738209,English,1
2735,impression,n,28975.0,Eindruck,0.9295967190704033,English,1
2745,visible,j,28886.0,sichtbar,0.9330143540669856,English,1
2755,restore,v,28777.0,wiederherstellen,0.9364319890635681,English,1
2765,sauce,n,28639.0,Soße,0.9398496240601504,English,1
2775,detect,v,28574.0,erkennen,0.9432672590567327,English,1
2785,apologize,v,28462.0,sich entschuldigen,0.9466848940533151,English,1
2795,airline,n,28327.0,Fluggesellschaft,0.9501025290498976,English,1
2805,cent,n,28231.0,Cent,0.9535201640464798,English,1
2815,grandmother,n,28091.0,Oma,0.9569377990430622,English,1
2825,manufacturer,n,27966.0,Hersteller,0.9603554340396446,English,1
2835,roll,n,27831.0,rollen,0.9637730690362268,English,1
2845,terrorist,n,27765.0,Terrorist,0.9671907040328093,English,1
2855,violate,v,27630.0,verletzen,0.9706083390293917,English,1
2865,unlikely,j,27546.0,unwahrscheinlich,0.974025974025974,English,1
2875,idiot,n,27432.0,Idiot,0.9774436090225563,English,1
2885,stadium,n,27233.0,Stadion,0.9808612440191388,English,1
2895,mix,n,27117.0,mischen,0.9842788790157211,English,1
2905,incorporate,v,26974.0,Übernehmen,0.9876965140123035,English,1
2915,taste,v,26826.0,schmecken,0.9911141490088858,English,1
2925,possess,v,26713.0,besitzen,0.9945317840054682,English,1
2935,stake,n,26539.0,Einsatz,0.9979494190020506,English,1
2945,developer,n,26466.0,Entwickler,1.0013670539986328,English,1
2955,tiger,n,26334.0,Tiger,1.0047846889952152,English,1
2965,administrator,n,26195.0,Administrator,1.0082023239917977,English,1
2975,publisher,n,26079.0,Herausgeber,1.01161995898838,English,1
2985,variation,n,25982.0,Variation,1.0150375939849623,English,1
2995,tomato,n,25826.0,Tomate,1.0184552289815447,English,1
3005,contest,n,25761.0,Wettbewerb,1.0218728639781272,English,1
3015,load,n,25620.0,Belastung,1.0252904989747096,English,1
3025,narrator,n,25554.0,Erzähler,1.0287081339712918,English,1
3035,surprise,v,25449.0,Überraschung,1.0321257689678742,English,1
3045,purchase,n,25302.0,kaufen,1.0355434039644567,English,1
3055,fate,n,25194.0,Schicksal,1.038961038961039,English,1
3065,surprising,j,25114.0,überraschend,1.0423786739576213,English,1
3075,adapt,v,24934.0,anpassen,1.0457963089542037,English,1
3085,random,j,24886.0,willkürlich,1.0492139439507862,English,1
3095,smell,n,24783.0,Geruch,1.0526315789473684,English,1
3105,tourist,n,24638.0,Tourist,1.0560492139439508,English,1
3115,stable,j,24549.0,stabil,1.0594668489405332,English,1
3125,update,n,24444.0,aktualisieren,1.0628844839371157,English,1
3135,friendship,n,24359.0,Freundschaft,1.0663021189336979,English,1
3145,humor,n,24213.0,Humor,1.0697197539302803,English,1
3155,chemical,n,24096.0,chemisch,1.0731373889268627,English,1
3165,silly,j,24001.0,albern,1.076555023923445,English,1
3175,lifestyle,n,23917.0,Lebensstil,1.0799726589200274,English,1
3185,crap,n,23756.0,Mist,1.0833902939166098,English,1
3195,imagination,n,23622.0,Vorstellung,1.086807928913192,English,1
3205,drawing,n,23549.0,Zeichnung,1.0902255639097744,English,1
3215,guide,v,23475.0,Führung,1.0936431989063569,English,1
3225,segment,n,23372.0,Segment,1.097060833902939,English,1
3235,slight,j,23283.0,leicht,1.1004784688995215,English,1
3245,can,n,23201.0,dürfen,1.103896103896104,English,1
3255,sue,v,23083.0,verklagen,1.1073137388926861,English,1
3265,notice,n,22997.0,Notiz,1.1107313738892686,English,1
3275,canadian,j,22924.0,kanadisch,1.114149008885851,English,1
3285,pill,n,22802.0,Pille,1.1175666438824332,English,1
3295,terrorist,j,22697.0,Terrorist,1.1209842788790156,English,1
3305,decrease,v,22654.0,verringern,1.124401913875598,English,1
3315,dumb,j,22462.0,stumm,1.1278195488721803,English,1
3325,furthermore,r,22381.0,Außerdem,1.1312371838687627,English,1
3335,tactic,n,22260.0,Taktik,1.1346548188653451,English,1
3345,nerve,n,22174.0,Nerv,1.1380724538619276,English,1
3355,aircraft,n,22111.0,Flugzeug,1.1414900888585098,English,1
3365,duke,n,21989.0,Herzog,1.1449077238550922,English,1
3375,furniture,n,21915.0,Möbel,1.1483253588516746,English,1
3385,garage,n,21790.0,Garage,1.151742993848257,English,1
3395,allegation,n,21709.0,Behauptung,1.1551606288448393,English,1
3405,fake,j,21560.0,gefälscht,1.1585782638414217,English,1
3415,grant,n,21506.0,gewähren,1.1619958988380041,English,1
3425,patient,j,21374.0,geduldig,1.1654135338345863,English,1
3435,whoever,p,21251.0,wer auch immer,1.1688311688311688,English,1
3445,membership,n,21172.0,Mitgliedschaft,1.1722488038277512,English,1
3455,makeup,n,21035.0,bilden,1.1756664388243336,English,1
3465,mall,n,20944.0,Einkaufszentrum,1.1790840738209158,English,1
3475,courage,n,20859.0,Mut,1.1825017088174983,English,1
3485,mainstream,j,20766.0,Mainstream,1.1859193438140807,English,1
3495,delay,n,20668.0,Verzögerung,1.1893369788106631,English,1
3505,communist,j,20597.0,kommunistisch,1.1927546138072453,English,1
3515,palestinian,n,20540.0,palästinensisch,1.1961722488038278,English,1
3525,till,c,20463.0,bis,1.1995898838004102,English,1
3535,function,v,20370.0,Funktion,1.2030075187969924,English,1
3545,soccer,n,20295.0,Fußball,1.2064251537935748,English,1
3555,uncomfortable,j,20224.0,unbequem,1.2098427887901573,English,1
3565,gospel,n,20013.0,Evangelium,1.2132604237867397,English,1
3575,fabric,n,19948.0,Stoff,1.216678058783322,English,1
3585,admire,v,19872.0,bewundern,1.2200956937799043,English,1
3595,hunter,n,19821.0,Jäger,1.2235133287764868,English,1
3605,virtual,j,19729.0,virtuell,1.2269309637730692,English,1
3615,athletic,j,19650.0,sportlich,1.2303485987696514,English,1
3625,sword,n,19580.0,Schwert,1.2337662337662338,English,1
3635,dose,n,19458.0,Dosis,1.2371838687628163,English,1
3645,grave,n,19407.0,Grab,1.2406015037593985,English,1
3655,absorb,v,19353.0,absorbieren,1.244019138755981,English,1
3665,nominee,n,19303.0,Kandidat,1.2474367737525633,English,1
3675,nail,n,19206.0,Nagel,1.2508544087491456,English,1
3685,resign,v,19131.0,zurücktreten,1.254272043745728,English,1
3695,hardware,n,19041.0,Hardware,1.2576896787423104,English,1
3705,snake,n,18993.0,Schlange,1.2611073137388926,English,1
3715,depict,v,18922.0,abbilden,1.264524948735475,English,1
3725,gradually,r,18850.0,schrittweise,1.2679425837320575,English,1
3735,starting,n,18738.0,beginnend,1.27136021872864,English,1
3745,rescue,v,18665.0,Rettung,1.2747778537252221,English,1
3755,praise,v,18574.0,loben,1.2781954887218046,English,1
3765,van,n,18497.0,Transporter,1.281613123718387,English,1
3775,counsel,n,18429.0,Rat,1.2850307587149692,English,1
3785,motive,n,18345.0,Motiv,1.2884483937115516,English,1
3795,chronic,j,18286.0,chronisch,1.291866028708134,English,1
3805,cave,n,18219.0,Höhle,1.2952836637047163,English,1
3815,driving,j,18169.0,Fahren,1.2987012987012987,English,1
3825,tag,n,18076.0,Schild,1.3021189336978811,English,1
3835,precious,j,18016.0,wertvoll,1.3055365686944633,English,1
3845,agricultural,j,17939.0,landwirtschaftlich,1.308954203691046,English,1
3865,powder,n,17830.0,Pulver,1.3123718386876282,English,1
3875,govern,v,17753.0,regieren,1.3157894736842104,English,1
3885,butt,n,17681.0,Hintern,1.319207108680793,English,1
3895,nonetheless,r,17584.0,dennoch,1.3226247436773753,English,1
3905,speed,v,17549.0,Geschwindigkeit,1.3260423786739575,English,1
3915,civilian,n,17499.0,Zivilist,1.3294600136705401,English,1
3925,compound,n,17435.0,Verbindung,1.3328776486671223,English,1
3935,upstairs,r,17392.0,nach oben,1.3362952836637045,English,1
3945,tune,v,17352.0,Melodie,1.3397129186602872,English,1
3955,jeans,n,17273.0,Jeans,1.3431305536568694,English,1
3965,ranch,n,17219.0,Ranch,1.3465481886534518,English,1
3975,pitcher,n,17123.0,Krug,1.3499658236500343,English,1
3985,behavioral,j,17052.0,Verhalten,1.3533834586466165,English,1
3995,advertisement,n,16993.0,Werbung,1.356801093643199,English,1
4005,blow,n,16948.0,Schlag,1.3602187286397813,English,1
4015,bitter,j,16881.0,bitter,1.3636363636363635,English,1
4025,treasury,n,16827.0,Schatzkammer,1.367053998632946,English,1
4035,walking,n,16767.0,gehen,1.3704716336295284,English,1
4045,greek,j,16725.0,griechisch,1.3738892686261106,English,1
4055,estimated,j,16657.0,geschätzt,1.377306903622693,English,1
4065,frame,v,16594.0,rahmen,1.3807245386192755,English,1
4075,republican,j,16513.0,Republikaner,1.384142173615858,English,1
4085,consent,n,16419.0,Zustimmung,1.38755980861244,English,1
4095,banking,n,16356.0,Bankwesen,1.3909774436090225,English,1
4105,apology,n,16314.0,Entschuldigung,1.394395078605605,English,1
4115,inspector,n,16272.0,Inspektor,1.3978127136021872,English,1
4125,convey,v,16221.0,vermitteln,1.4012303485987696,English,1
4135,eating,n,16142.0,Essen,1.404647983595352,English,1
4145,custody,n,16070.0,Gewahrsam,1.4080656185919342,English,1
4155,horn,n,16012.0,Horn,1.4114832535885167,English,1
4165,liability,n,15952.0,Haftung,1.414900888585099,English,1
4175,considering,c,15896.0,angesichts,1.4183185235816813,English,1
4185,retrieve,v,15830.0,abrufen,1.421736158578264,English,1
4195,goodness,n,15790.0,Güte,1.4251537935748462,English,1
4205,repair,n,15742.0,Reparatur,1.4285714285714284,English,1
4215,slavery,n,15684.0,Sklaverei,1.431989063568011,English,1
4225,seal,v,15632.0,Siegel,1.4354066985645932,English,1
4235,entrepreneur,n,15581.0,Unternehmer,1.4388243335611755,English,1
4245,unity,n,15519.0,Einheit,1.442241968557758,English,1
4255,treasure,n,15484.0,Schatz,1.4456596035543403,English,1
4265,exploration,n,15421.0,Erkundung,1.4490772385509225,English,1
4275,upcoming,j,15358.0,bevorstehende,1.4524948735475052,English,1
4285,cruise,n,15327.0,Kreuzfahrt,1.4559125085440874,English,1
4295,electrical,j,15225.0,elektrisch,1.45933014354067,English,1
4305,attraction,n,15180.0,Attraktion,1.4627477785372522,English,1
4315,needle,n,15115.0,Nadel,1.4661654135338344,English,1
4325,magnitude,n,15074.0,Größe,1.469583048530417,English,1
4335,senior,n,15032.0,Senior,1.4730006835269993,English,1
4345,chase,n,14979.0,Verfolgungsjagd,1.4764183185235815,English,1
4355,credibility,n,14944.0,Glaubwürdigkeit,1.4798359535201642,English,1
4365,pursuit,n,14909.0,verfolgen,1.4832535885167464,English,1
4375,broadcast,n,14871.0,übertragen,1.4866712235133286,English,1
4385,repair,v,14803.0,Reparatur,1.4900888585099112,English,1
4395,alright,r,14773.0,In Ordnung,1.4935064935064934,English,1
4405,frozen,j,14710.0,gefroren,1.496924128503076,English,1
4415,theology,n,14636.0,Theologie,1.5003417634996583,English,1
4425,registration,n,14577.0,Anmeldung,1.5037593984962405,English,1
4435,beam,n,14505.0,Strahl,1.5071770334928232,English,1
4445,carbohydrate,n,14454.0,Kohlenhydrat,1.5105946684894054,English,1
4455,cloth,n,14408.0,Tuch,1.5140123034859876,English,1
4465,thief,n,14374.0,Dieb,1.5174299384825702,English,1
4475,electoral,j,14322.0,Wahl,1.5208475734791524,English,1
4485,homework,n,14277.0,Hausaufgaben,1.5242652084757347,English,1
4495,continent,n,14230.0,Kontinent,1.5276828434723173,English,1
4505,accusation,n,14179.0,Anklage,1.5311004784688995,English,1
4515,jaw,n,14133.0,Kiefer,1.534518113465482,English,1
4525,dot,n,14080.0,Punkt,1.5379357484620644,English,1
4535,sibling,n,14047.0,Geschwister,1.5413533834586466,English,1
4545,thoroughly,r,14022.0,gründlich,1.544771018455229,English,1
4555,feed,n,13963.0,füttern,1.5481886534518114,English,1
4565,popularity,n,13929.0,Popularität,1.5516062884483937,English,1
4575,poorly,r,13877.0,schlecht,1.555023923444976,English,1
4585,stem,v,13809.0,Stengel,1.5584415584415585,English,1
4595,presumably,r,13762.0,vermutlich,1.5618591934381407,English,1
4605,sculpture,n,13689.0,Skulptur,1.5652768284347232,English,1
4615,bad,r,13651.0,schlecht,1.5686944634313056,English,1
4625,practitioner,n,13606.0,Praktiker,1.572112098427888,English,1
4635,conscience,n,13568.0,Gewissen,1.5755297334244702,English,1
4645,transport,n,13531.0,Transport,1.5789473684210527,English,1
4655,puzzle,n,13476.0,Puzzle,1.582365003417635,English,1
4665,slice,v,13431.0,Scheibe,1.5857826384142173,English,1
4675,blend,v,13390.0,Mischung,1.5892002734107997,English,1
4685,elder,n,13336.0,ältere,1.5926179084073822,English,1
4695,conversion,n,13304.0,Wandlung,1.5960355434039644,English,1
4705,lightning,n,13272.0,Blitz,1.599453178400547,English,1
4715,instruct,v,13240.0,anweisen,1.6028708133971292,English,1
4725,curiosity,n,13208.0,Neugier,1.6062884483937114,English,1
4735,speculation,n,13167.0,Spekulation,1.609706083390294,English,1
4745,ipad,n,13111.0,iPad,1.6131237183868763,English,1
4755,cafe,n,13055.0,Cafe,1.6165413533834585,English,1
4765,specialize,v,13006.0,spezialisieren,1.6199589883800412,English,1
4775,installation,n,12961.0,Installation,1.6233766233766234,English,1
4785,banker,n,12931.0,Banker,1.6267942583732056,English,1
4795,dying,j,12893.0,Absterben,1.6302118933697882,English,1
4805,halloween,n,12852.0,Halloween,1.6336295283663704,English,1
4815,unclear,j,12805.0,unklar,1.6370471633629529,English,1
4825,guardian,n,12766.0,Wächter,1.6404647983595353,English,1
4835,emotionally,r,12733.0,emotional,1.6438824333561175,English,1
4845,verdict,n,12702.0,Urteil,1.6473000683527,English,1
4855,eighth,m,12667.0,achte,1.6507177033492824,English,1
4865,chunk,n,12574.0,Brocken,1.6541353383458646,English,1
4875,throne,n,12528.0,Thron,1.657552973342447,English,1
4885,collector,n,12480.0,Kollektor,1.6609706083390294,English,1
4895,whip,v,12443.0,Peitsche,1.6643882433356116,English,1
4905,courtroom,n,12425.0,Gerichtssaal,1.667805878332194,English,1
4915,doorway,n,12395.0,Tür,1.6712235133287765,English,1
4925,thou,p,12383.0,du,1.674641148325359,English,1
4935,plea,n,12345.0,Plädoyer,1.6780587833219411,English,1
4945,destiny,n,12299.0,Bestimmung,1.6814764183185236,English,1
4955,countless,j,12253.0,unzählige,1.684894053315106,English,1
4965,emperor,n,12213.0,Kaiser,1.6883116883116882,English,1
4975,discourage,v,12176.0,entmutigen,1.6917293233082706,English,1
4985,dough,n,12151.0,Teig,1.695146958304853,English,1
4995,balloon,n,12102.0,Ballon,1.6985645933014353,English,1
5005,sudden,r,12072.0,plötzlich,1.7019822282980177,English,1
5015,leak,v,12029.0,Leck,1.7053998632946001,English,1
5025,usage,n,11995.0,Verwendung,1.7088174982911823,English,1
5035,eyebrow,n,11943.0,Augenbraue,1.712235133287765,English,1
5045,align,v,11912.0,ausrichten,1.7156527682843472,English,1
5055,predator,n,11876.0,Raubtier,1.7190704032809294,English,1
5065,broker,n,11845.0,Makler,1.722488038277512,English,1
5075,wallet,n,11817.0,Geldbörse,1.7259056732740943,English,1
5085,haul,v,11783.0,schleppen,1.7293233082706765,English,1
5095,rib,n,11741.0,Rippe,1.7327409432672591,English,1
5105,supporting,j,11711.0,unterstützend,1.7361585782638413,English,1
5115,outbreak,n,11693.0,Ausbruch,1.7395762132604236,English,1
5125,weaken,v,11665.0,schwächen,1.7429938482570062,English,1
5135,editorial,j,11622.0,Leitartikel,1.7464114832535884,English,1
5145,authentic,j,11594.0,authentisch,1.749829118250171,English,1
5155,scent,n,11570.0,Duft,1.7532467532467533,English,1
5165,surrender,v,11531.0,aufgeben,1.7566643882433355,English,1
5175,shh,u,11497.0,Pssst,1.7600820232399181,English,1
5185,reasonably,r,11451.0,vernünftig,1.7634996582365003,English,1
5195,taxi,n,11408.0,Taxi,1.7669172932330826,English,1
5205,utterly,r,11374.0,vollkommen,1.7703349282296652,English,1
5215,bow,v,11336.0,Bogen,1.7737525632262474,English,1
5225,plaintiff,n,11291.0,Kläger,1.7771701982228296,English,1
5235,lesser,j,11264.0,geringer,1.7805878332194123,English,1
5245,frustrate,v,11244.0,vereiteln,1.7840054682159945,English,1
5255,audio,j,11205.0,Audio-,1.7874231032125771,English,1
5265,subsequently,r,11182.0,anschließend,1.7908407382091593,English,1
5275,inclusion,n,11146.0,Aufnahme,1.7942583732057416,English,1
5285,miserable,j,11122.0,miserabel,1.7976760082023242,English,1
5295,patron,n,11092.0,Patron,1.8010936431989064,English,1
5305,absurd,j,11050.0,absurd,1.8045112781954886,English,1
5315,shrimp,n,11026.0,Garnele,1.8079289131920713,English,1
5325,developed,j,10981.0,entwickelt,1.8113465481886535,English,1
5335,distress,n,10955.0,Not,1.8147641831852357,English,1
5345,metropolitan,j,10926.0,Metropolitan-,1.8181818181818183,English,1
5355,isolated,j,10901.0,isoliert,1.8215994531784006,English,1
5365,swimming,n,10843.0,Baden,1.825017088174983,English,1
5375,flu,n,10811.0,Grippe,1.8284347231715654,English,1
5385,tweet,v,10783.0,twittern,1.8318523581681476,English,1
5395,tenure,n,10748.0,Amtszeit,1.83526999316473,English,1
5405,cooperative,j,10714.0,Kooperative,1.8386876281613125,English,1
5415,integrated,j,10688.0,integriert,1.8421052631578947,English,1
5425,egyptian,j,10643.0,ägyptisch,1.8455228981544771,English,1
5435,pumpkin,n,10608.0,Kürbis,1.8489405331510596,English,1
5445,tighten,v,10591.0,spannen,1.8523581681476418,English,1
5455,contemplate,v,10577.0,betrachten,1.8557758031442242,English,1
5465,stove,n,10567.0,Herd,1.8591934381408066,English,1
5475,coup,n,10523.0,Coup,1.862611073137389,English,1
5485,worldwide,j,10488.0,weltweit,1.8660287081339713,English,1
5505,reason,v,10441.0,Grund,1.8694463431305537,English,1
5515,supplement,n,10417.0,Ergänzung,1.8728639781271361,English,1
5525,circle,v,10377.0,Kreis,1.8762816131237183,English,1
5535,affection,n,10348.0,Zuneigung,1.8796992481203008,English,1
5545,endorsement,n,10310.0,Billigung,1.8831168831168832,English,1
5555,compensate,v,10279.0,kompensieren,1.8865345181134654,English,1
5565,justification,n,10261.0,Rechtfertigung,1.8899521531100478,English,1
5575,managing,j,10222.0,Verwaltung,1.8933697881066303,English,1
5585,neglect,v,10199.0,Vernachlässigung,1.8967874231032125,English,1
5595,atheist,n,10175.0,Atheist,1.9002050580997951,English,1
5605,spider,n,10153.0,Spinne,1.9036226930963773,English,1
5615,fulfil,v,10129.0,erfüllen,1.9070403280929595,English,1
5625,sovereignty,n,10074.0,Souveränität,1.9104579630895422,English,1
5635,straighten,v,10032.0,begradigen,1.9138755980861244,English,1
5645,summarize,v,10002.0,zusammenfassen,1.9172932330827066,English,1
5655,sketch,n,9980.0,skizzieren,1.9207108680792893,English,1
5665,erase,v,9954.0,löschen,1.9241285030758715,English,1
5675,immigrant,j,9939.0,Immigrant,1.9275461380724537,English,1
5685,parenting,n,9900.0,Erziehung,1.9309637730690363,English,1
5695,spike,n,9860.0,Spitze,1.9343814080656185,English,1
5705,polling,n,9834.0,Umfrage,1.937799043062201,English,1
5715,sofa,n,9802.0,Sofa,1.9412166780587834,English,1
5725,thy,a,9775.0,deine,1.9446343130553656,English,1
5735,great,r,9730.0,Großartig,1.948051948051948,English,1
5745,grade,v,9696.0,Grad,1.9514695830485305,English,1
5755,transparent,j,9664.0,transparent,1.9548872180451127,English,1
5765,plunge,v,9630.0,stürzen,1.958304853041695,English,1
5775,humanitarian,j,9590.0,humanitär,1.9617224880382775,English,1
5785,jerk,n,9553.0,Ruck,1.9651401230348597,English,1
5795,explorer,n,9529.0,Forscher,1.9685577580314422,English,1
5805,partisan,j,9502.0,Partisan,1.9719753930280246,English,1
5815,precedent,n,9475.0,Präzedenzfall,1.975393028024607,English,1
5825,nursing,n,9459.0,Pflege,1.9788106630211892,English,1
5835,span,n,9420.0,Spanne,1.9822282980177717,English,1
5845,empower,v,9398.0,ermächtigen,1.985645933014354,English,1
5855,kilometer,n,9380.0,Kilometer,1.9890635680109363,English,1
5865,spark,n,9356.0,Funke,1.9924812030075187,English,1
5875,hometown,n,9338.0,Heimatort,1.9958988380041012,English,1
5885,manipulation,n,9323.0,Manipulation,1.9993164730006834,English,1
5895,seminar,n,9296.0,Seminar,2.0027341079972656,English,1
5905,trim,v,9261.0,trimmen,2.0061517429938482,English,1
5915,prospective,j,9231.0,prospektiv,2.0095693779904304,English,1
5925,tub,n,9203.0,Wanne,2.012987012987013,English,1
5935,obsession,n,9157.0,Besessenheit,2.0164046479835953,English,1
5945,liberation,n,9140.0,Befreiung,2.0198222829801775,English,1
5955,vinegar,n,9110.0,Essig,2.02323991797676,English,1
5965,ethnicity,n,9088.0,ethnische Zugehörigkeit,2.0266575529733424,English,1
5985,total,v,9019.0,gesamt,2.0300751879699246,English,1
5995,sympathetic,j,8998.0,sympathisch,2.0334928229665072,English,1
6005,kidnap,v,8977.0,entführen,2.0369104579630894,English,1
6015,kind,j,8957.0,Art,2.0403280929596717,English,1
6025,realization,n,8939.0,Realisierung,2.0437457279562543,English,1
6035,bipartisan,j,8906.0,Zweipartisaner,2.0471633629528365,English,1
6045,cohort,n,8880.0,Kohorte,2.050580997949419,English,1
6055,fish,v,8858.0,Fisch,2.0539986329460014,English,1
6065,vow,v,8835.0,Gelübde,2.0574162679425836,English,1
6075,comet,n,8808.0,Komet,2.0608339029391662,English,1
6085,ground,v,8795.0,Boden,2.0642515379357484,English,1
6095,genome,n,8775.0,Genom,2.0676691729323307,English,1
6105,prey,n,8746.0,Beute,2.0710868079289133,English,1
6115,misery,n,8719.0,Elend,2.0745044429254955,English,1
6125,dioxide,n,8695.0,Dioxid,2.077922077922078,English,1
6135,handy,j,8673.0,praktisch,2.0813397129186604,English,1
6145,revision,n,8651.0,Revision,2.0847573479152426,English,1
6155,glorious,j,8633.0,herrlich,2.0881749829118252,English,1
6165,cinema,n,8617.0,Kino,2.0915926179084074,English,1
6175,sour,j,8601.0,sauer,2.0950102529049897,English,1
6185,shaft,n,8568.0,Welle,2.0984278879015723,English,1
6195,spokeswoman,n,8543.0,Sprecherin,2.1018455228981545,English,1
6205,handling,n,8526.0,Handhabung,2.1052631578947367,English,1
6215,translator,n,8509.0,Übersetzer,2.1086807928913194,English,1
6225,bully,v,8480.0,Bully,2.1120984278879016,English,1
6235,collision,n,8465.0,Kollision,2.1155160628844842,English,1
6245,collaborate,v,8443.0,zusammenarbeiten,2.1189336978810664,English,1
6255,bureaucracy,n,8420.0,Bürokratie,2.1223513328776487,English,1
6265,thanks,i,8399.0,Danke,2.1257689678742313,English,1
6275,timber,n,8371.0,Holz,2.1291866028708135,English,1
6285,google,v,8358.0,Google,2.1326042378673957,English,1
6295,faction,n,8340.0,Fraktion,2.1360218728639784,English,1
6305,premiere,n,8326.0,Premiere,2.1394395078605606,English,1
6315,puppet,n,8297.0,Marionette,2.142857142857143,English,1
6325,secretly,r,8275.0,heimlich,2.1462747778537254,English,1
6335,consultation,n,8251.0,Beratung,2.1496924128503077,English,1
6345,deaf,j,8229.0,taub,2.15311004784689,English,1
6355,median,j,8193.0,Median,2.1565276828434725,English,1
6365,renewable,j,8168.0,verlängerbar,2.1599453178400547,English,1
6375,paid,j,8124.0,bezahlt,2.1633629528366374,English,1
6385,broadly,r,8099.0,breit,2.1667805878332196,English,1
6395,umbrella,n,8083.0,Regenschirm,2.170198222829802,English,1
6415,assurance,n,8048.0,Sicherheit,2.173615857826384,English,1
6425,slate,n,8028.0,Schiefer,2.1770334928229667,English,1
6435,sleeping,j,8007.0,Schlafen,2.180451127819549,English,1
6445,maple,n,7988.0,Ahorn,2.1838687628161315,English,1
6455,misleading,j,7959.0,irreführend,2.1872863978127137,English,1
6465,ruling,j,7938.0,Urteil,2.190704032809296,English,1
6475,skiing,n,7917.0,Skifahren,2.194121667805878,English,1
6485,inning,n,7903.0,Inning,2.197539302802461,English,1
6495,email,v,7879.0,Email,2.200956937799043,English,1
6505,amend,v,7853.0,ändern,2.2043745727956257,English,1
6515,embarrassment,n,7823.0,Verlegenheit,2.207792207792208,English,1
6525,overturn,v,7796.0,umkippen,2.21120984278879,English,1
6535,aloud,r,7776.0,laut,2.2146274777853723,English,1
6545,mug,n,7750.0,Becher,2.218045112781955,English,1
6555,peculiar,j,7715.0,seltsam,2.221462747778537,English,1
6565,overweight,j,7682.0,Übergewicht,2.22488038277512,English,1
6575,nazi,n,7659.0,Nazi,2.228298017771702,English,1
6585,qualitative,j,7644.0,qualitativ,2.231715652768284,English,1
6595,stink,v,7632.0,stinken,2.2351332877648664,English,1
6605,corresponding,j,7600.0,dazugehörigen,2.238550922761449,English,1
6615,whisper,n,7580.0,flüstern,2.2419685577580313,English,1
6625,exile,n,7562.0,Exil,2.245386192754614,English,1
6635,encouragement,n,7544.0,Ermutigung,2.248803827751196,English,1
6645,distinguished,j,7522.0,ausgezeichnet,2.2522214627477783,English,1
6655,briefing,n,7508.0,Einweisung,2.2556390977443606,English,1
6665,vine,n,7491.0,Ranke,2.259056732740943,English,1
6675,opposing,j,7473.0,widersprechend,2.2624743677375254,English,1
6685,dictator,n,7456.0,Diktator,2.265892002734108,English,1
6695,satisfying,j,7433.0,befriedigend,2.2693096377306903,English,1
6705,keen,j,7420.0,erpicht,2.2727272727272725,English,1
6715,oppression,n,7392.0,Unterdrückung,2.276144907723855,English,1
6725,feminine,j,7383.0,feminin,2.2795625427204373,English,1
6735,scoring,n,7372.0,punkten,2.2829801777170196,English,1
6745,dim,j,7343.0,schwach,2.286397812713602,English,1
6755,standpoint,n,7318.0,Standpunkt,2.2898154477101844,English,1
6775,prohibition,n,7281.0,Verbot,2.2932330827067666,English,1
6785,charitable,j,7269.0,wohltätig,2.2966507177033493,English,1
6795,reported,j,7256.0,gemeldet,2.3000683526999315,English,1
6805,massacre,n,7242.0,Massaker,2.303485987696514,English,1
6815,primitive,j,7229.0,Primitive,2.3069036226930963,English,1
6835,printing,n,7190.0,Drucken,2.3103212576896786,English,1
6845,terminate,v,7167.0,beenden,2.313738892686261,English,1
6855,referendum,n,7146.0,Referendum,2.3171565276828434,English,1
6865,validate,v,7134.0,bestätigen,2.3205741626794256,English,1
6875,comprehend,v,7117.0,begreifen,2.3239917976760083,English,1
6885,referral,n,7108.0,Verweisung,2.3274094326725905,English,1
6895,notorious,j,7084.0,berüchtigt,2.3308270676691727,English,1
6905,severity,n,7070.0,Schwere,2.3342447026657553,English,1
6915,implant,n,7040.0,implantieren,2.3376623376623376,English,1
6925,wrestling,n,7029.0,Ringen,2.34107997265892,English,1
6935,magnet,n,7012.0,Magnet,2.3444976076555024,English,1
6945,livestock,n,6979.0,Vieh,2.3479152426520846,English,1
6955,whistle,n,6960.0,Pfeife,2.3513328776486673,English,1
6965,inconsistent,j,6927.0,inkonsistent,2.3547505126452495,English,1
6975,surplus,n,6909.0,Überschuss,2.3581681476418317,English,1
6985,nursery,n,6903.0,Kindergarten,2.3615857826384143,English,1
6995,flashlight,n,6885.0,Taschenlampe,2.3650034176349966,English,1
7005,syrup,n,6873.0,Sirup,2.3684210526315788,English,1
7015,anchor,v,6850.0,Anker,2.3718386876281614,English,1
7025,millionaire,n,6832.0,Millionär,2.3752563226247436,English,1
7035,independent,n,6818.0,unabhängig,2.3786739576213263,English,1
7045,wrestle,v,6800.0,ringen,2.3820915926179085,English,1
7055,intercept,v,6790.0,abfangen,2.3855092276144907,English,1
7065,called,j,6776.0,genannt,2.3889268626110733,English,1
7075,burial,n,6760.0,Beerdigung,2.3923444976076556,English,1
7085,tester,n,6737.0,Prüfer,2.3957621326042378,English,1
7095,pew,n,6718.0,Bank,2.3991797676008204,English,1
7105,conditioning,n,6697.0,Konditionierung,2.4025974025974026,English,1
7115,worthwhile,j,6683.0,lohnend,2.406015037593985,English,1
7125,tracking,j,6672.0,Verfolgung,2.4094326725905675,English,1
7145,dwarf,n,6645.0,Zwerg,2.4128503075871497,English,1
7155,nationwide,j,6624.0,bundesweit,2.4162679425837323,English,1
7165,thermal,j,6607.0,Thermal-,2.4196855775803146,English,1
7175,definitive,j,6596.0,endgültig,2.4231032125768968,English,1
7185,intern,n,6582.0,Praktikant,2.4265208475734794,English,1
7195,networking,n,6561.0,Vernetzung,2.4299384825700616,English,1
7205,remnant,n,6541.0,Rest,2.433356117566644,English,1
7215,garment,n,6527.0,Kleidungsstück,2.4367737525632265,English,1
7225,niece,n,6511.0,Nichte,2.4401913875598087,English,1
7235,ozone,n,6497.0,Ozon,2.443609022556391,English,1
7245,pod,n,6484.0,Schote,2.4470266575529735,English,1
7255,substantive,j,6470.0,inhaltlich,2.4504442925495558,English,1
7265,pair,v,6450.0,Paar,2.4538619275461384,English,1
7275,underway,r,6435.0,im Gange,2.4572795625427206,English,1
7285,finely,r,6424.0,fein,2.460697197539303,English,1
7295,antique,j,6410.0,Antiquität,2.464114832535885,English,1
7305,savannah,n,6397.0,Savanne,2.4675324675324677,English,1
7315,coincide,v,6378.0,übereinstimmen,2.47095010252905,English,1
7325,statewide,j,6358.0,landesweit,2.4743677375256325,English,1
7335,relocate,v,6351.0,umziehen,2.4777853725222148,English,1
7345,interim,j,6342.0,vorläufig,2.481203007518797,English,1
7355,scam,n,6331.0,Betrug,2.484620642515379,English,1
7365,negatively,r,6313.0,negativ,2.488038277511962,English,1
7375,ie,r,6296.0,dh,2.491455912508544,English,1
7385,horrific,j,6276.0,schrecklich,2.4948735475051267,English,1
7395,dispose,v,6262.0,entsorgen,2.498291182501709,English,1
7405,strangely,r,6252.0,seltsam,2.501708817498291,English,1
7415,fearful,j,6237.0,ängstlich,2.5051264524948733,English,1
7425,pharmacy,n,6228.0,Apotheke,2.508544087491456,English,1
7435,pancake,n,6213.0,Pfannkuchen,2.511961722488038,English,1
7445,hurdle,n,6201.0,Hürde,2.515379357484621,English,1
7455,prevalent,j,6186.0,weit verbreitet,2.518796992481203,English,1
7465,leisure,n,6168.0,Freizeit,2.5222146274777852,English,1
7475,surge,v,6154.0,Anstieg,2.5256322624743675,English,1
7485,blunt,j,6143.0,unverblümt,2.52904989747095,English,1
7495,insulin,n,6128.0,Insulin,2.5324675324675323,English,1
7505,shepherd,n,6118.0,Schäfer,2.535885167464115,English,1
7515,unusually,r,6109.0,ungewöhnlich,2.539302802460697,English,1
7525,contamination,n,6100.0,Kontamination,2.54272043745728,English,1
7535,mainland,n,6087.0,Festland,2.5461380724538616,English,1
7545,pasture,n,6071.0,Weide,2.5495557074504442,English,1
7555,pastry,n,6059.0,Gebäck,2.552973342447027,English,1
7565,slack,n,6049.0,locker,2.556390977443609,English,1
7575,allegiance,n,6034.0,Treue,2.5598086124401913,English,1
7585,coupon,n,6023.0,Coupon,2.563226247436774,English,1
7595,intermediate,j,6012.0,dazwischenliegend,2.5666438824333557,English,1
7605,premature,j,5995.0,verfrüht,2.5700615174299384,English,1
7615,formidable,j,5975.0,beeindruckend,2.573479152426521,English,1
7625,inhale,v,5955.0,einatmen,2.5768967874231032,English,1
7635,cellphone,n,5943.0,Handy,2.5803144224196854,English,1
7645,duck,v,5928.0,Ente,2.583732057416268,English,1
7655,awe,n,5913.0,Scheu,2.58714969241285,English,1
7665,grad,n,5899.0,grad,2.5905673274094325,English,1
7675,martial,j,5877.0,kriegerisch,2.593984962406015,English,1
7685,vineyard,n,5867.0,Weinberg,2.5974025974025974,English,1
7695,updated,j,5860.0,Aktualisiert,2.6008202323991796,English,1
7715,obscure,j,5836.0,obskur,2.6042378673957622,English,1
7725,shining,j,5823.0,leuchtenden,2.607655502392344,English,1
7735,gardening,n,5818.0,Gartenarbeit,2.6110731373889267,English,1
7745,lace,n,5808.0,Spitze,2.6144907723855093,English,1
7755,compartment,n,5798.0,Abteil,2.617908407382092,English,1
7765,canned,j,5791.0,Dosen-,2.6213260423786737,English,1
7775,deepen,v,5772.0,vertiefen,2.6247436773752564,English,1
7785,broaden,v,5763.0,erweitern,2.628161312371839,English,1
7795,moan,v,5749.0,jammern,2.631578947368421,English,1
7805,boot,v,5732.0,Stiefel,2.6349965823650034,English,1
7825,trillion,m,5707.0,Billion,2.638414217361586,English,1
7835,woo,v,5693.0,umwerben,2.641831852358168,English,1
7845,gal,n,5684.0,Mädel,2.6452494873547505,English,1
7855,ac,n,5678.0,ac,2.648667122351333,English,1
7865,anonymity,n,5664.0,Anonymität,2.652084757347915,English,1
7875,thereof,r,5656.0,davon,2.6555023923444976,English,1
7885,mexican,n,5644.0,Mexikaner,2.6589200273410802,English,1
7895,informant,n,5630.0,Informant,2.662337662337662,English,1
7905,twisted,j,5616.0,verdrehte,2.6657552973342447,English,1
7915,homer,n,5602.0,Homer,2.6691729323308273,English,1
7925,triple,v,5592.0,verdreifachen,2.672590567327409,English,1
7935,razor,n,5578.0,Rasierer,2.6760082023239917,English,1
7945,moral,n,5566.0,Moral,2.6794258373205744,English,1
7955,fax,n,5554.0,Fax,2.682843472317156,English,1
7965,righteous,j,5533.0,gerecht,2.686261107313739,English,1
7975,sturdy,j,5523.0,robust,2.6896787423103214,English,1
7985,fungus,n,5507.0,Pilz,2.6930963773069037,English,1
7995,baggage,n,5499.0,Gepäck,2.696514012303486,English,1
8005,exacerbate,v,5484.0,verschärfen,2.6999316473000685,English,1
8015,ineffective,j,5473.0,unwirksam,2.703349282296651,English,1
8025,layoff,n,5464.0,entlassen,2.706766917293233,English,1
8035,proceeds,n,5449.0,Erlös,2.7101845522898156,English,1
8045,disgust,n,5435.0,der Ekel,2.713602187286398,English,1
8055,extreme,n,5427.0,extrem,2.71701982228298,English,1
8065,pundit,n,5412.0,Pandit,2.7204374572795627,English,1
8075,setback,n,5407.0,Rückschlag,2.7238550922761453,English,1
8085,multitude,n,5388.0,Vielzahl,2.727272727272727,English,1
8095,woe,n,5382.0,Weh,2.7306903622693097,English,1
8105,respectable,j,5372.0,respektabel,2.734107997265892,English,1
8115,parenthood,n,5360.0,Elternschaft,2.737525632262474,English,1
8125,inflammation,n,5349.0,Entzündung,2.740943267259057,English,1
8145,aspire,v,5329.0,streben,2.7443609022556394,English,1
8155,adult,j,5318.0,Erwachsene,2.747778537252221,English,1
8165,hinder,v,5307.0,behindern,2.751196172248804,English,1
8175,authoritarian,j,5298.0,autoritär,2.754613807245386,English,1
8185,finished,j,5283.0,fertig,2.7580314422419687,English,1
8195,sync,n,5270.0,synchronisieren,2.761449077238551,English,1
8205,reversal,n,5260.0,Umkehrung,2.7648667122351336,English,1
8215,wardrobe,n,5243.0,Kleiderschrank,2.768284347231716,English,1
8225,daytime,n,5237.0,Tageszeit,2.771701982228298,English,1
8235,implicate,v,5223.0,implizieren,2.77511961722488,English,1
8245,theoretically,r,5209.0,theoretisch,2.778537252221463,English,1
8255,intercourse,n,5200.0,Verkehr,2.781954887218045,English,1
8265,hue,n,5193.0,Farbton,2.7853725222146277,English,1
8275,admittedly,r,5188.0,freilich,2.78879015721121,English,1
8285,playing,j,5176.0,spielen,2.792207792207792,English,1
8295,vegan,n,5158.0,vegan,2.7956254272043743,English,1
8305,stuck,j,5149.0,gesteckt,2.799043062200957,English,1
8315,shack,n,5128.0,Hütte,2.802460697197539,English,1
8325,degradation,n,5122.0,Degradierung,2.805878332194122,English,1
8335,jack,n,5107.0,Jack,2.809295967190704,English,1
8345,flake,n,5099.0,Flocke,2.8127136021872863,English,1
8355,trooper,n,5093.0,Soldat,2.8161312371838685,English,1
8365,collide,v,5086.0,kollidieren,2.819548872180451,English,1
8375,square,v,5074.0,Quadrat,2.8229665071770333,English,1
8385,alleviate,v,5058.0,lindern,2.826384142173616,English,1
8395,parsley,n,5048.0,Petersilie,2.829801777170198,English,1
8405,intensely,r,5044.0,intensiv,2.833219412166781,English,1
8415,delusion,n,5025.0,Täuschung,2.8366370471633626,English,1
8425,stew,n,5012.0,Eintopf,2.8400546821599453,English,1
8435,adaptive,j,5007.0,adaptiv,2.843472317156528,English,1
8445,vapor,n,4999.0,Dampf,2.84688995215311,English,1
8455,liberalism,n,4986.0,Liberalismus,2.8503075871496923,English,1
8465,conjure,v,4980.0,zaubern,2.853725222146275,English,1
8485,disable,v,4959.0,deaktivieren,2.8571428571428568,English,1
8495,engaging,j,4944.0,fesselnd,2.8605604921394394,English,1
8505,rebound,v,4937.0,Rebound,2.863978127136022,English,1
8515,painted,j,4929.0,bemalt,2.8673957621326043,English,1
8525,after,r,4916.0,nach,2.8708133971291865,English,1
8535,embargo,n,4911.0,Embargo,2.874231032125769,English,1
8545,snapshot,n,4894.0,Schnappschuss,2.877648667122351,English,1
8555,lecture,v,4884.0,Vorlesung,2.8810663021189336,English,1
8565,rant,n,4878.0,schimpfen,2.884483937115516,English,1
8575,swiftly,r,4870.0,schnell,2.8879015721120984,English,1
8585,taliban,j,4861.0,Taliban,2.8913192071086806,English,1
8595,stupidity,n,4853.0,Dummheit,2.8947368421052633,English,1
8605,divorced,j,4845.0,geschieden,2.898154477101845,English,1
8615,infer,v,4838.0,schließen,2.9015721120984277,English,1
8635,insistence,n,4820.0,Beharren,2.9049897470950103,English,1
8645,immerse,v,4814.0,tauchen,2.908407382091593,English,1
8655,rugged,j,4806.0,robust,2.9118250170881748,English,1
8665,conserve,v,4796.0,sparen,2.9152426520847574,English,1
8675,pant,v,4781.0,keuchen,2.91866028708134,English,1
8685,engaged,j,4768.0,engagiert,2.922077922077922,English,1
8695,humane,j,4758.0,menschlich,2.9254955570745045,English,1
8705,booster,n,4750.0,Booster,2.928913192071087,English,1
8715,reminiscent,j,4743.0,erinnert,2.932330827067669,English,1
8725,iranian,n,4734.0,iranisch,2.9357484620642516,English,1
8735,mislead,v,4726.0,irreführen,2.939166097060834,English,1
8745,nudge,v,4716.0,Schubs,2.942583732057416,English,1
8755,liner,n,4705.0,Liner,2.9460013670539986,English,1
8775,maverick,n,4686.0,Einzelgänger,2.9494190020505813,English,1
8785,commence,v,4672.0,beginnen,2.952836637047163,English,1
8795,exemplify,v,4664.0,veranschaulichen,2.9562542720437457,English,1
8805,curb,n,4660.0,Bordstein,2.9596719070403283,English,1
8815,imitation,n,4650.0,Nachahmung,2.96308954203691,English,1
8825,humility,n,4645.0,Demut,2.9665071770334928,English,1
8835,preseason,n,4640.0,Vorsaison-,2.9699248120300754,English,1
8845,marsh,n,4637.0,Sumpf,2.973342447026657,English,1
8865,sweaty,j,4621.0,verschwitzt,2.97676008202324,English,1
8875,catalogue,n,4611.0,Katalog,2.9801777170198225,English,1
8885,read,n,4605.0,lesen,2.9835953520164047,English,1
8895,initiation,n,4599.0,Einleitung,2.987012987012987,English,1
8905,shortcoming,n,4592.0,Mangel,2.9904306220095696,English,1
8915,normative,j,4586.0,normativ,2.993848257006152,English,1
8925,cockpit,n,4576.0,Cockpit,2.997265892002734,English,1
8935,needy,j,4567.0,Bedürftige,3.0006835269993166,English,1
8945,reluctance,n,4559.0,Zurückhaltung,3.004101161995899,English,1
8955,polished,j,4551.0,poliert,3.007518796992481,English,1
8965,railing,n,4542.0,Geländer,3.0109364319890637,English,1
8975,briefcase,n,4536.0,Aktentasche,3.0143540669856463,English,1
8995,kitten,n,4521.0,Kätzchen,3.017771701982228,English,1
9005,swimmer,n,4514.0,Schwimmer,3.0211893369788108,English,1
9015,momma,n,4509.0,Mama,3.024606971975393,English,1
9025,battered,j,4502.0,zerschlagen,3.028024606971975,English,1
9035,hesitation,n,4491.0,Zögern,3.031442241968558,English,1
9045,dial,n,4478.0,wählen,3.0348598769651405,English,1
9055,protestant,n,4472.0,evangelisch,3.0382775119617222,English,1
9065,socialize,v,4459.0,sozialisieren,3.041695146958305,English,1
9075,magician,n,4454.0,Zauberer,3.045112781954887,English,1
9085,goddamn,u,4447.0,gottverdammt,3.0485304169514693,English,1
9095,sexist,j,4438.0,Sexist,3.051948051948052,English,1
9105,humidity,n,4432.0,Feuchtigkeit,3.0553656869446346,English,1
9115,boiling,j,4417.0,Sieden,3.058783321941217,English,1
9125,shudder,v,4407.0,schaudern,3.062200956937799,English,1
9135,spill,n,4394.0,verschütten,3.0656185919343812,English,1
9155,linkage,n,4382.0,Verknüpfung,3.069036226930964,English,1
9165,derivative,n,4368.0,Derivat,3.072453861927546,English,1
9175,pinpoint,v,4357.0,punktgenau,3.0758714969241288,English,1
9185,thinly,r,4350.0,dünn,3.079289131920711,English,1
9195,paperback,n,4341.0,Taschenbuch,3.082706766917293,English,1
9205,ordeal,n,4332.0,Tortur,3.0861244019138754,English,1
9215,relic,n,4321.0,Relikt,3.089542036910458,English,1
9225,ornament,n,4309.0,Ornament,3.0929596719070402,English,1
9235,facet,n,4301.0,Facette,3.096377306903623,English,1
9245,nervously,r,4292.0,nervös,3.099794941900205,English,1
9255,graceful,j,4286.0,anmutig,3.1032125768967873,English,1
9265,listening,j,4278.0,Hören,3.1066302118933695,English,1
9275,collective,n,4270.0,kollektiv,3.110047846889952,English,1
9285,enormously,r,4263.0,enorm,3.1134654818865344,English,1
9295,repeat,n,4256.0,wiederholen,3.116883116883117,English,1
9305,scenery,n,4249.0,Landschaft,3.1203007518796992,English,1
9315,dominican,j,4243.0,dominikanisch,3.1237183868762814,English,1
9325,grouping,n,4236.0,Gruppierung,3.1271360218728637,English,1
9335,envy,n,4224.0,Neid,3.1305536568694463,English,1
9345,headlight,n,4218.0,Scheinwerfer,3.133971291866029,English,1
9365,rainfall,n,4208.0,Regenfall,3.137388926862611,English,1
9375,contour,n,4204.0,Kontur,3.1408065618591934,English,1
9385,cavalry,n,4199.0,Kavallerie,3.144224196855776,English,1
9395,chalk,n,4187.0,Kreide,3.147641831852358,English,1
9405,geological,j,4175.0,geologisch,3.1510594668489404,English,1
9415,fulfillment,n,4164.0,Erfüllung,3.154477101845523,English,1
9425,yeast,n,4157.0,Hefe,3.1578947368421053,English,1
9435,mailbox,n,4151.0,Briefkasten,3.1613123718386875,English,1
9445,protector,n,4141.0,Schutz,3.16473000683527,English,1
9455,slam,n,4135.0,zuschlagen,3.168147641831852,English,1
9465,apocalypse,n,4131.0,Apokalypse,3.1715652768284346,English,1
9475,shelter,v,4122.0,Unterschlupf,3.1749829118250172,English,1
9485,inflate,v,4114.0,aufblasen,3.1784005468215994,English,1
9495,affiliate,v,4108.0,Affiliate,3.1818181818181817,English,1
9505,mingle,v,4099.0,mischen,3.1852358168147643,English,1
9515,sexism,n,4090.0,Sexismus,3.188653451811346,English,1
9525,shiite,j,4084.0,schiitisch,3.1920710868079287,English,1
9535,inconsistency,n,4078.0,Inkonsistenz,3.1954887218045114,English,1
9545,alphabet,n,4069.0,Alphabet,3.198906356801094,English,1
9555,stylish,j,4065.0,stilvoll,3.202323991797676,English,1
9575,fm,n,4049.0,fm,3.2057416267942584,English,1
9585,nonfiction,n,4039.0,Sachbücher,3.209159261790841,English,1
9595,harness,v,4032.0,Geschirr,3.212576896787423,English,1
9605,fasten,v,4019.0,befestigen,3.2159945317840055,English,1
9615,lightweight,j,4007.0,Leicht,3.219412166780588,English,1
9625,acknowledgment,n,4002.0,Wissen,3.22282980177717,English,1
9635,denomination,n,3992.0,Konfession,3.2262474367737526,English,1
9645,longevity,n,3982.0,Langlebigkeit,3.2296650717703352,English,1
9655,displacement,n,3968.0,Verschiebung,3.233082706766917,English,1
9665,marxist,j,3957.0,marxistisch,3.2365003417634997,English,1
9675,heightened,j,3953.0,erhöht,3.2399179767600823,English,1
9685,man,v,3946.0,Mann,3.243335611756664,English,1
9695,moderately,r,3935.0,in Maßen,3.2467532467532467,English,1
9705,augment,v,3925.0,vermehren,3.2501708817498294,English,1
9715,outnumber,v,3921.0,zahlenmäßig überlegen,3.253588516746411,English,1
9725,deacon,n,3916.0,Diakon,3.257006151742994,English,1
9735,interruption,n,3908.0,Unterbrechung,3.2604237867395764,English,1
9745,ion,n,3898.0,Ion,3.263841421736158,English,1
9755,cosmetic,j,3892.0,Kosmetik,3.267259056732741,English,1
9765,confidentiality,n,3886.0,Vertraulichkeit,3.2706766917293235,English,1
9775,procession,n,3877.0,Prozession,3.2740943267259057,English,1
9785,dane,n,3872.0,Däne,3.277511961722488,English,1
9795,memorandum,n,3865.0,Memorandum,3.2809295967190706,English,1
9805,rum,n,3861.0,Rum,3.2843472317156532,English,1
9815,confide,v,3851.0,anvertrauen,3.287764866712235,English,1
9825,polish,n,3844.0,Polieren,3.2911825017088177,English,1
9835,salty,j,3834.0,salzig,3.2946001367054,English,1
9845,tar,n,3828.0,Teer,3.298017771701982,English,1
9855,autograph,n,3819.0,Autogramm,3.3014354066985647,English,1
9865,intimidating,j,3814.0,einschüchternd,3.3048530416951474,English,1
9875,crib,n,3806.0,Krippe,3.308270676691729,English,1
9885,plainly,r,3799.0,deutlich,3.311688311688312,English,1
9895,metallic,j,3793.0,metallisch,3.315105946684894,English,1
9905,fuss,n,3787.0,Aufregung,3.318523581681476,English,1
9915,divisive,j,3783.0,spaltend,3.321941216678059,English,1
9925,cleric,n,3777.0,Kleriker,3.3253588516746415,English,1
9935,dispatch,n,3771.0,versenden,3.3287764866712233,English,1
9945,ominous,j,3766.0,bedrohlich,3.332194121667806,English,1
9955,outpost,n,3754.0,Vorposten,3.335611756664388,English,1
9965,boob,n,3748.0,Brust,3.3390293916609703,English,1
9975,slut,n,3741.0,Schlampe,3.342447026657553,English,1
9985,windy,j,3737.0,windig,3.3458646616541357,English,1
9995,salvage,v,3732.0,Bergung,3.349282296650718,English,1
10015,police,v,3721.0,Polizei,3.3526999316473,English,1
10025,presumption,n,3714.0,Vermutung,3.3561175666438823,English,1
10035,asphalt,n,3708.0,Asphalt,3.359535201640465,English,1
10045,rake,v,3704.0,Rechen,3.362952836637047,English,1
10055,centerpiece,n,3700.0,Kernstück,3.36637047163363,English,1
10065,bilingual,j,3695.0,zweisprachig,3.369788106630212,English,1
10075,vet,v,3689.0,Tierarzt,3.373205741626794,English,1
10085,purchasing,n,3682.0,Einkauf,3.3766233766233764,English,1
10095,shitty,j,3675.0,beschissen,3.380041011619959,English,1
10115,dawn,v,3661.0,Dämmerung,3.3834586466165413,English,1
10125,handkerchief,n,3655.0,Taschentuch,3.386876281613124,English,1
10135,captive,n,3650.0,gefangen,3.390293916609706,English,1
10145,bound,v,3642.0,gebunden,3.3937115516062883,English,1
10155,puddle,n,3639.0,Pfütze,3.3971291866028706,English,1
10165,mediator,n,3630.0,Vermittler,3.400546821599453,English,1
10175,paramedic,n,3619.0,Sanitäter,3.4039644565960354,English,1
10185,overhead,j,3614.0,Overhead,3.407382091592618,English,1
10195,chic,j,3607.0,schick,3.4107997265892003,English,1
10205,eyelid,n,3599.0,Augenlid,3.4142173615857825,English,1
10215,bidding,n,3594.0,Bieten,3.4176349965823647,English,1
10225,fireman,n,3590.0,Feuerwehrmann,3.4210526315789473,English,1
10235,excerpt,v,3582.0,Auszug,3.42447026657553,English,1
10245,hymn,n,3575.0,Hymne,3.427887901572112,English,1
10255,kill,n,3570.0,töten,3.4313055365686944,English,1
10265,islamist,n,3565.0,islamistisch,3.434723171565277,English,1
10275,vicinity,n,3558.0,Nähe,3.438140806561859,English,1
10285,ceremonial,j,3555.0,zeremoniell,3.4415584415584415,English,1
10295,grate,v,3548.0,Gitter,3.444976076555024,English,1
10305,striped,j,3540.0,gestreift,3.4483937115516063,English,1
10315,metrics,n,3532.0,Metriken,3.4518113465481886,English,1
10325,underwater,r,3526.0,unter Wasser,3.455228981544771,English,1
10335,dart,n,3521.0,Pfeil,3.458646616541353,English,1
10345,trim,n,3517.0,trimmen,3.4620642515379356,English,1
10355,mentor,v,3511.0,Mentor,3.4654818865345183,English,1
10365,fetal,j,3506.0,fötal,3.4688995215311005,English,1
10375,cherokee,j,3500.0,Cherokee,3.4723171565276827,English,1
10385,immature,j,3486.0,unreif,3.4757347915242653,English,1
10395,swarm,v,3481.0,Schwarm,3.479152426520847,English,1
10405,aerospace,n,3474.0,Luft- und Raumfahrt,3.4825700615174298,English,1
10415,iceberg,n,3465.0,Eisberg,3.4859876965140124,English,1
10425,brownie,n,3461.0,Brownie,3.4894053315105946,English,1
10435,amuse,v,3455.0,amüsieren,3.492822966507177,English,1
10445,bullpen,n,3448.0,Bullpen,3.4962406015037595,English,1
10455,snag,v,3442.0,Haken,3.499658236500342,English,1
10465,espouse,v,3436.0,verloben,3.503075871496924,English,1
10475,staggering,j,3428.0,Staffelung,3.5064935064935066,English,1
10485,clueless,j,3415.0,ahnungslos,3.509911141490089,English,1
10495,rearrange,v,3409.0,neu anordnen,3.513328776486671,English,1
10505,favourite,j,3405.0,Favorit,3.5167464114832536,English,1
10515,fanatic,n,3401.0,Fanatiker,3.5201640464798363,English,1
10525,stale,j,3396.0,abgestanden,3.523581681476418,English,1
10535,dearly,r,3390.0,teuer,3.5269993164730007,English,1
10545,homage,n,3386.0,Huldigung,3.5304169514695833,English,1
10555,norwegian,j,3382.0,norwegisch,3.533834586466165,English,1
10565,orbital,j,3374.0,Orbital,3.5372522214627478,English,1
10575,hideous,j,3371.0,abscheulich,3.5406698564593304,English,1
10585,daring,j,3366.0,gewagt,3.544087491455912,English,1
10595,borrowing,n,3358.0,Ausleihen,3.547505126452495,English,1
10605,pineapple,n,3355.0,Ananas,3.5509227614490775,English,1
10615,irritation,n,3349.0,Reizung,3.5543403964456592,English,1
10625,luxurious,j,3344.0,luxuriös,3.557758031442242,English,1
10635,upbeat,j,3339.0,optimistisch,3.5611756664388245,English,1
10645,operative,j,3335.0,operativ,3.5645933014354063,English,1
10655,magnify,v,3330.0,vergrößern,3.568010936431989,English,1
10665,accreditation,n,3326.0,Akkreditierung,3.5714285714285716,English,1
10675,affirmation,n,3321.0,Bejahung,3.5748462064251543,English,1
10685,hmmm,u,3316.0,Hmmm,3.578263841421736,English,1
10695,ceramics,n,3313.0,Keramik,3.5816814764183187,English,1
10705,ancestry,n,3308.0,Abstammung,3.585099111414901,English,1
10715,audition,v,3303.0,Vorsprechen,3.588516746411483,English,1
10735,unnoticed,j,3294.0,unbemerkt,3.5919343814080658,English,1
10745,springer,n,3290.0,Springer,3.5953520164046484,English,1
10755,scarcity,n,3285.0,Knappheit,3.59876965140123,English,1
10765,academically,r,3283.0,wissenschaftlich,3.602187286397813,English,1
10775,determinant,n,3280.0,bestimmend,3.605604921394395,English,1
10785,wallpaper,n,3275.0,Hintergrund,3.6090225563909772,English,1
10795,timetable,n,3271.0,Zeitplan,3.61244019138756,English,1
10805,monologue,n,3266.0,Monolog,3.6158578263841425,English,1
10815,skew,v,3263.0,verzerren,3.6192754613807243,English,1
10825,predicament,n,3255.0,Dilemma,3.622693096377307,English,1
10835,unpack,v,3248.0,auspacken,3.626110731373889,English,1
10845,tone,v,3244.0,Ton,3.6295283663704714,English,1
10855,enlightened,j,3237.0,erleuchtet,3.632946001367054,English,1
10865,bitterly,r,3231.0,bitterlich,3.6363636363636367,English,1
10875,hide,n,3226.0,verstecken,3.639781271360219,English,1
10885,comb,n,3222.0,Kamm,3.643198906356801,English,1
10895,bipolar,j,3215.0,bipolar,3.6466165413533833,English,1
10905,caretaker,n,3208.0,Hausmeister,3.650034176349966,English,1
10915,lawful,j,3203.0,rechtmäßig,3.653451811346548,English,1
10925,following,n,3198.0,folgende,3.656869446343131,English,1
10935,statesman,n,3194.0,Staatsmann,3.660287081339713,English,1
10945,intimately,r,3189.0,intim,3.6637047163362952,English,1
10955,tabloid,n,3185.0,Boulevardzeitung,3.6671223513328775,English,1
10965,acorn,n,3180.0,Eichel,3.67053998632946,English,1
10975,weed,v,3174.0,Unkraut,3.6739576213260423,English,1
10985,chile,n,3171.0,Chile,3.677375256322625,English,1
10995,knowingly,r,3165.0,wissentlich,3.680792891319207,English,1
11005,socialist,n,3161.0,sozialistisch,3.6842105263157894,English,1
11015,volatility,n,3156.0,Volatilität,3.6876281613123716,English,1
11025,sly,j,3152.0,listig,3.6910457963089542,English,1
11035,biopsy,n,3146.0,Biopsie,3.6944634313055364,English,1
11045,penetration,n,3141.0,Penetration,3.697881066302119,English,1
11065,handmade,j,3132.0,handgefertigt,3.7012987012987013,English,1
11075,featured,j,3126.0,vorgestellt,3.7047163362952835,English,1
11085,waver,v,3123.0,wanken,3.7081339712918657,English,1
11095,vividly,r,3120.0,lebhaft,3.7115516062884484,English,1
11105,genesis,n,3113.0,Genesis,3.714969241285031,English,1
11115,citrus,n,3106.0,Zitrusfrüchte,3.7183868762816132,English,1
11125,antitrust,j,3104.0,Kartellrecht,3.7218045112781954,English,1
11135,apprehension,n,3099.0,Auffassung,3.725222146274778,English,1
11145,in,j,3095.0,In,3.72863978127136,English,1
11155,solidify,v,3092.0,verfestigen,3.7320574162679425,English,1
11165,notoriously,r,3089.0,notorisch,3.735475051264525,English,1
11175,gut,v,3083.0,Darm,3.7388926862611074,English,1
11185,scrub,n,3078.0,schrubben,3.7423103212576896,English,1
11195,aggravate,v,3075.0,verschlimmern,3.7457279562542722,English,1
11205,midwestern,j,3067.0,Mittlerer Westen,3.749145591250854,English,1
11215,savage,n,3062.0,brutal,3.7525632262474367,English,1
11225,oriental,j,3059.0,orientalisch,3.7559808612440193,English,1
11235,staffing,n,3054.0,Personalbesetzung,3.7593984962406015,English,1
11245,objectively,r,3049.0,objektiv,3.7628161312371837,English,1
11255,entree,n,3045.0,Hauptgericht,3.7662337662337664,English,1
11265,diarrhea,n,3040.0,Durchfall,3.769651401230348,English,1
11275,countdown,n,3034.0,Countdown,3.773069036226931,English,1
11285,colonization,n,3028.0,Kolonisation,3.7764866712235134,English,1
11295,fume,n,3021.0,Rauch,3.7799043062200957,English,1
11305,,j,3015.0,,3.783321941216678,English,1
11315,skate,n,3012.0,Schlittschuh,3.7867395762132605,English,1
11325,sarcasm,n,3009.0,Sarkasmus,3.790157211209843,English,1
11335,cynicism,n,3005.0,Zynismus,3.793574846206425,English,1
11345,exploit,n,3002.0,ausbeuten,3.7969924812030076,English,1
11355,caterpillar,n,2997.0,Raupe,3.8004101161995902,English,1
11365,aboriginal,j,2994.0,Ureinwohner,3.803827751196172,English,1
11375,bundle,v,2991.0,bündeln,3.8072453861927547,English,1
11385,relativity,n,2988.0,Relativität,3.8106630211893373,English,1
11395,safeguard,n,2984.0,sichern,3.814080656185919,English,1
11405,furnishings,n,2978.0,Einrichtung,3.8174982911825017,English,1
11415,chinese,n,2973.0,Chinesisch,3.8209159261790844,English,1
11425,pimp,n,2971.0,Zuhälter,3.824333561175666,English,1
11435,fest,n,2966.0,fest,3.827751196172249,English,1
11445,relational,j,2961.0,relational,3.8311688311688314,English,1
11455,holler,v,2956.0,brüllen,3.834586466165413,English,1
11465,receiving,j,2953.0,Empfang,3.838004101161996,English,1
11475,intestine,n,2948.0,Darm,3.8414217361585785,English,1
11485,liturgy,n,2945.0,Liturgie,3.8448393711551603,English,1
11495,madden,v,2941.0,verrückt machen,3.848257006151743,English,1
11505,electronically,r,2938.0,elektronisch,3.8516746411483256,English,1
11515,artificially,r,2935.0,künstlich,3.8550922761449073,English,1
11525,remedial,j,2929.0,Abhilfe,3.85850991114149,English,1
11535,renounce,v,2924.0,verzichten,3.8619275461380727,English,1
11545,correctness,n,2917.0,Richtigkeit,3.8653451811346553,English,1
11555,earned,j,2911.0,verdient,3.868762816131237,English,1
11565,assured,j,2908.0,versicherte,3.8721804511278197,English,1
11575,contagious,j,2903.0,ansteckend,3.875598086124402,English,1
11585,pink,n,2898.0,Rosa,3.879015721120984,English,1
11595,audible,j,2892.0,hörbar,3.882433356117567,English,1
11605,adopted,j,2888.0,angenommen,3.8858509911141494,English,1
11615,sulfur,n,2882.0,Schwefel,3.889268626110731,English,1
11625,measurable,j,2878.0,messbar,3.892686261107314,English,1
11635,oatmeal,n,2875.0,Haferflocken,3.896103896103896,English,1
11645,expend,v,2870.0,aufwenden,3.8995215311004783,English,1
11655,westerner,n,2865.0,Westler,3.902939166097061,English,1
11665,fitting,n,2862.0,passend zu,3.9063568010936436,English,1
11675,hallucination,n,2856.0,Halluzination,3.9097744360902253,English,1
11685,walkway,n,2849.0,Gehweg,3.913192071086808,English,1
11695,corroborate,v,2844.0,bestätigen,3.91660970608339,English,1
11705,simulated,j,2840.0,simuliert,3.9200273410799724,English,1
11715,modernist,j,2835.0,Modernist,3.923444976076555,English,1
11725,fuse,n,2830.0,Sicherung,3.9268626110731377,English,1
11735,backstage,r,2828.0,hinter den Kulissen,3.9302802460697195,English,1
11745,negate,v,2825.0,negieren,3.933697881066302,English,1
11755,unresolved,j,2820.0,ungelöst,3.9371155160628843,English,1
11765,uncanny,j,2819.0,unheimlich,3.940533151059467,English,1
11775,brew,n,2815.0,brauen,3.943950786056049,English,1
11785,penalize,v,2811.0,bestrafen,3.947368421052632,English,1
11805,visitation,n,2805.0,Heimsuchung,3.950786056049214,English,1
11815,unconditional,j,2800.0,bedingungslos,3.9542036910457963,English,1
11825,torrent,n,2797.0,Torrent,3.9576213260423785,English,1
11835,imam,n,2791.0,Imam,3.961038961038961,English,1
11845,defective,j,2789.0,defekt,3.9644565960355433,English,1
11855,manslaughter,n,2787.0,Totschlag,3.967874231032126,English,1
11865,amazement,n,2782.0,Staunen,3.971291866028708,English,1
11875,crossover,n,2776.0,Crossover,3.9747095010252904,English,1
11885,commons,n,2773.0,Commons,3.9781271360218726,English,1
11895,zipper,n,2770.0,Reißverschluss,3.9815447710184553,English,1
11905,umpire,n,2767.0,Schiedsrichter,3.9849624060150375,English,1
11915,identifiable,j,2764.0,identifizierbar,3.98838004101162,English,1
11925,markedly,r,2760.0,deutlich,3.9917976760082023,English,1
11935,anew,r,2758.0,ein neuer,3.9952153110047846,English,1
11945,smug,j,2754.0,selbstgefällig,3.9986329460013668,English,1
11955,grand,n,2750.0,großartig,4.00205058099795,English,1
11965,quarterly,n,2747.0,vierteljährlich,4.005468215994531,English,1
11975,professionalism,n,2743.0,Professionalität,4.008885850991114,English,1
11985,prenatal,j,2736.0,vorgeburtlich,4.0123034859876965,English,1
11995,excess,i,2731.0,Überschuss,4.01572112098428,English,1
12005,braille,n,2727.0,Blindenschrift,4.019138755980861,English,1
12015,dock,v,2721.0,Dock,4.022556390977444,English,1
12025,absurdity,n,2718.0,Absurdität,4.025974025974026,English,1
12035,optimum,j,2715.0,Optimum,4.029391660970608,English,1
12045,brittle,j,2712.0,spröde,4.032809295967191,English,1
12055,factor,v,2710.0,Faktor,4.036226930963773,English,1
12065,revere,v,2704.0,verehren,4.039644565960355,English,1
12085,ignition,n,2695.0,Zündung,4.043062200956938,English,1
12095,bookshelf,n,2690.0,Bücherregal,4.04647983595352,English,1
12105,downfall,n,2687.0,Untergang,4.0498974709501026,English,1
12115,afterlife,n,2683.0,Leben nach dem Tod,4.053315105946685,English,1
12125,geology,n,2681.0,Geologie,4.056732740943268,English,1
12135,folding,j,2676.0,falten,4.060150375939849,English,1
12145,ram,v,2672.0,RAM,4.063568010936432,English,1
12155,rooster,n,2670.0,Hahn,4.0669856459330145,English,1
12165,victorious,j,2666.0,siegreich,4.070403280929597,English,1
12175,stiffen,v,2660.0,versteifen,4.073820915926179,English,1
12185,theorize,v,2656.0,theoretisieren,4.077238550922761,English,1
12195,parade,v,2654.0,Parade,4.080656185919343,English,1
12205,crony,n,2651.0,Freund,4.084073820915926,English,1
12225,default,v,2644.0,Standard,4.087491455912509,English,1
12235,birdie,n,2640.0,Birdie,4.090909090909091,English,1
12245,tendon,n,2635.0,Sehne,4.094326725905673,English,1
12255,reconnect,v,2632.0,wieder verbinden,4.097744360902256,English,1
12265,caricature,n,2628.0,Karikatur,4.101161995898838,English,1
12275,resurgence,n,2622.0,Wiederaufleben,4.1045796308954206,English,1
12285,plugin,n,2620.0,Plugin,4.107997265892003,English,1
12295,wink,n,2616.0,zwinkern,4.111414900888585,English,1
12305,digest,n,2613.0,verdauen,4.114832535885167,English,1
12325,destabilize,v,2604.0,destabilisieren,4.118250170881749,English,1
12335,overreact,v,2598.0,überreagieren,4.1216678058783325,English,1
12345,swell,n,2596.0,anschwellen,4.125085440874915,English,1
12355,stairwell,n,2592.0,Treppenhaus,4.128503075871497,English,1
12365,overtime,r,2589.0,im Laufe der Zeit,4.131920710868079,English,1
12375,plutonium,n,2582.0,Plutonium,4.135338345864661,English,1
12385,cradle,v,2578.0,Wiege,4.138755980861244,English,1
12395,concealed,j,2574.0,verborgen,4.142173615857827,English,1
12405,wrench,v,2570.0,Schlüssel,4.145591250854409,English,1
12415,maxim,n,2565.0,Maxime,4.149008885850991,English,1
12425,czar,n,2561.0,Zar,4.152426520847573,English,1
12435,illegitimate,j,2559.0,illegitim,4.155844155844156,English,1
12445,parchment,n,2554.0,Pergament,4.159261790840738,English,1
12455,videotape,v,2550.0,Videoband,4.162679425837321,English,1
12465,undefeated,j,2547.0,unbesiegt,4.166097060833903,English,1
12475,save,n,2543.0,speichern,4.169514695830485,English,1
12485,pitfall,n,2538.0,Falle,4.172932330827067,English,1
12495,sentencing,j,2535.0,Verurteilung,4.1763499658236505,English,1
12505,wrench,n,2532.0,Schlüssel,4.179767600820233,English,1
12515,tilt,n,2529.0,Neigung,4.183185235816815,English,1
12525,iris,n,2526.0,Iris,4.186602870813397,English,1
12535,amazon,n,2522.0,Amazonas,4.190020505809979,English,1
12545,video,v,2519.0,Video,4.1934381408065615,English,1
12555,racing,j,2515.0,Rennen,4.196855775803145,English,1
12565,predicted,j,2511.0,vorhergesagt,4.200273410799726,English,1
12575,adjustable,j,2506.0,einstellbar,4.203691045796309,English,1
12585,onslaught,n,2504.0,Ansturm,4.207108680792891,English,1
12595,gleam,v,2500.0,glänzen,4.2105263157894735,English,1
12605,prognosis,n,2496.0,Prognose,4.213943950786056,English,1
12615,payback,n,2491.0,Rückzahlung,4.217361585782639,English,1
12625,spaniard,n,2488.0,Spanier,4.220779220779221,English,1
12635,jihadist,n,2482.0,Dschihadist,4.224196855775803,English,1
12645,empirically,r,2480.0,empirisch,4.227614490772385,English,1
12655,sentencing,n,2471.0,Verurteilung,4.2310321257689685,English,1
12665,unimaginable,j,2467.0,unvorstellbar,4.23444976076555,English,1
12675,legitimately,r,2462.0,legitim,4.237867395762133,English,1
12685,plurality,n,2456.0,Pluralität,4.241285030758715,English,1
12705,polio,n,2450.0,Polio,4.244702665755297,English,1
12715,conformity,n,2449.0,Konformität,4.2481203007518795,English,1
12725,rearview,j,2446.0,Rückansicht,4.251537935748463,English,1
12735,intertwine,v,2444.0,verflechten,4.254955570745044,English,1
12745,mahogany,n,2441.0,Mahagoni,4.258373205741627,English,1
12755,shabby,j,2438.0,schäbig,4.261790840738209,English,1
12765,cardboard,n,2433.0,Karton,4.2652084757347914,English,1
12775,bungalow,n,2429.0,Bungalow,4.268626110731374,English,1
12785,unification,n,2425.0,Vereinigung,4.272043745727957,English,1
12795,citizenry,n,2423.0,Bürgerschaft,4.275461380724538,English,1
12805,nonprofit,n,2421.0,gemeinnützig,4.278879015721121,English,1
12815,preparedness,n,2419.0,Bereitschaft,4.282296650717703,English,1
12825,opium,n,2416.0,Opium,4.285714285714286,English,1
12835,meticulous,j,2410.0,sorgfältig,4.289131920710868,English,1
12845,eggplant,n,2406.0,Aubergine,4.292549555707451,English,1
12855,inlet,n,2403.0,Einlass,4.295967190704032,English,1
12865,listed,j,2399.0,aufgeführt,4.299384825700615,English,1
12875,hereby,r,2397.0,hiermit,4.3028024606971975,English,1
12885,sovereign,n,2394.0,souverän,4.30622009569378,English,1
12895,nonlinear,j,2389.0,nichtlinear,4.309637730690362,English,1
12905,wasteful,j,2384.0,verschwenderisch,4.313055365686945,English,1
12915,ax,n,2379.0,Axt,4.316473000683527,English,1
12925,stillness,n,2376.0,Stille,4.3198906356801094,English,1
12935,mustang,n,2372.0,Mustang,4.323308270676692,English,1
12945,attrition,n,2371.0,Attrition,4.326725905673275,English,1
12975,gratification,n,2357.0,Befriedigung,4.330143540669856,English,1
12985,timid,j,2353.0,schüchtern,4.333561175666439,English,1
12995,asking,n,2350.0,fragen,4.336978810663021,English,1
13005,reputable,j,2348.0,seriös,4.340396445659604,English,1
13015,ordain,v,2344.0,ordinieren,4.343814080656186,English,1
13025,glisten,v,2341.0,glitzern,4.347231715652768,English,1
13035,taut,j,2336.0,straff,4.35064935064935,English,1
13045,front,v,2331.0,Vorderseite,4.354066985645933,English,1
13055,malware,n,2327.0,Schadsoftware,4.3574846206425155,English,1
13065,nickname,v,2324.0,Spitzname,4.360902255639098,English,1
13075,durability,n,2320.0,Haltbarkeit,4.36431989063568,English,1
13085,waterproof,j,2315.0,wasserdicht,4.367737525632263,English,1
13095,dwindle,v,2310.0,schwinden,4.371155160628844,English,1
13105,teddy,n,2306.0,Teddy,4.3745727956254274,English,1
13115,pang,n,2304.0,Stich,4.37799043062201,English,1
13125,unnecessarily,r,2301.0,unnötigerweise,4.381408065618592,English,1
13135,wad,n,2299.0,Bündel,4.384825700615174,English,1
13145,distraught,j,2294.0,verstört,4.388243335611756,English,1
13155,underworld,n,2290.0,Unterwelt,4.391660970608339,English,1
13165,subprime,j,2286.0,Subprime,4.395078605604922,English,1
13175,bait,v,2282.0,Köder,4.398496240601504,English,1
13185,grace,v,2279.0,Anmut,4.401913875598086,English,1
13195,buggy,n,2277.0,Buggy,4.405331510594668,English,1
13205,ace,j,2275.0,As,4.408749145591251,English,1
13215,birthplace,n,2272.0,Geburtsort,4.4121667805878335,English,1
13225,rebuttal,n,2267.0,Widerlegung,4.415584415584416,English,1
13235,pursuit,i,2264.0,verfolgen,4.419002050580998,English,1
13245,clerical,j,2262.0,Geistlicher,4.42241968557758,English,1
13255,syndicate,n,2260.0,Syndikat,4.425837320574162,English,1
13265,accentuate,v,2259.0,akzentuieren,4.429254955570745,English,1
13275,condominium,n,2255.0,Eigentumswohnung,4.432672590567328,English,1
13285,elitist,j,2251.0,elitär,4.43609022556391,English,1
13295,logistical,j,2249.0,logistisch,4.439507860560492,English,1
13305,forsake,v,2244.0,verlassen,4.442925495557074,English,1
13315,stranded,j,2240.0,gestrandet,4.4463431305536565,English,1
13325,unsuccessfully,r,2237.0,vergeblich,4.44976076555024,English,1
13335,magnolia,n,2234.0,Magnolie,4.453178400546822,English,1
13355,crispy,j,2226.0,knusprig,4.456596035543404,English,1
13375,purposeful,j,2220.0,zielgerichtet,4.460013670539986,English,1
13395,syndicated,j,2214.0,syndiziert,4.463431305536568,English,1
13405,allure,n,2211.0,locken,4.4668489405331515,English,1
13415,theorem,n,2208.0,Satz,4.470266575529733,English,1
13425,sporadic,j,2206.0,sporadisch,4.473684210526316,English,1
13435,formality,n,2201.0,Formalität,4.477101845522898,English,1
13445,rafter,n,2199.0,Sparren,4.48051948051948,English,1
13455,deficient,j,2197.0,mangelhaft,4.4839371155160626,English,1
13465,regal,j,2195.0,Regal,4.487354750512646,English,1
13475,resin,n,2193.0,Harz,4.490772385509228,English,1
13485,honk,v,2190.0,hupen,4.49419002050581,English,1
13495,unlucky,j,2186.0,unglücklich,4.497607655502392,English,1
13505,cheekbone,n,2183.0,Wangenknochen,4.5010252904989745,English,1
13515,posterior,j,2180.0,hintere,4.504442925495557,English,1
13525,fennel,n,2179.0,Fenchel,4.50786056049214,English,1
13535,semantics,n,2175.0,Semantik,4.511278195488721,English,1
13545,conversational,j,2172.0,Konversation,4.514695830485304,English,1
13555,doubtless,r,2167.0,zweifellos,4.518113465481886,English,1
13565,unbiased,j,2164.0,unvoreingenommen,4.521531100478469,English,1
13575,tripod,n,2160.0,Stativ,4.524948735475051,English,1
13585,invalid,j,2157.0,ungültig,4.528366370471634,English,1
13595,rummage,v,2153.0,stöbern,4.531784005468216,English,1
13605,dependent,n,2150.0,abhängig,4.535201640464798,English,1
13615,ratification,n,2146.0,Ratifizierung,4.5386192754613806,English,1
13625,personalize,v,2144.0,personifizieren,4.542036910457964,English,1
13635,pouring,j,2141.0,gießen,4.545454545454545,English,1
13645,lengthen,v,2138.0,verlängern,4.548872180451128,English,1
13655,swirl,n,2134.0,Strudel,4.55228981544771,English,1
13665,honored,j,2132.0,geehrt,4.5557074504442925,English,1
13675,fractured,j,2130.0,gebrochen,4.559125085440875,English,1
13685,rescuer,n,2126.0,Retter,4.562542720437458,English,1
13695,peruvian,j,2124.0,peruanisch,4.565960355434039,English,1
13705,case,v,2122.0,Fall,4.569377990430622,English,1
13715,traffic,v,2119.0,Verkehr,4.572795625427204,English,1
13725,inward,r,2114.0,innere,4.576213260423787,English,1
13735,rendezvous,n,2112.0,Rendezvous,4.579630895420369,English,1
13745,galley,n,2110.0,Galeere,4.583048530416952,English,1
13755,compulsive,j,2107.0,zwanghaft,4.586466165413533,English,1
13765,impossibly,r,2102.0,unmöglich,4.589883800410116,English,1
13775,refill,v,2098.0,Nachfüllung,4.5933014354066986,English,1
13785,misinterpret,v,2097.0,falsch interpretieren,4.596719070403282,English,1
13795,technologically,r,2091.0,technologisch,4.600136705399863,English,1
13805,nonverbal,j,2088.0,nonverbal,4.603554340396446,English,1
13815,deteriorating,j,2085.0,sich verschlechtern,4.606971975393028,English,1
13825,caramel,n,2082.0,Karamell,4.6103896103896105,English,1
13835,crippling,j,2079.0,lähmend,4.613807245386193,English,1
13845,filler,n,2076.0,Füllstoff,4.617224880382775,English,1
13855,bombard,v,2074.0,bombardieren,4.620642515379357,English,1
13865,troll,v,2070.0,Troll,4.62406015037594,English,1
13875,detriment,n,2067.0,Nachteil,4.627477785372522,English,1
13885,meticulously,r,2064.0,sorgfältig,4.630895420369105,English,1
13895,mesmerize,v,2063.0,hypnotisieren,4.634313055365687,English,1
13905,corner,v,2059.0,Ecke,4.63773069036227,English,1
13915,wishful,j,2056.0,Wunsch,4.641148325358851,English,1
13935,scoot,v,2049.0,scooten,4.644565960355434,English,1
13945,prick,v,2045.0,stechen,4.6479835953520166,English,1
13955,inadequacy,n,2042.0,Unzulänglichkeit,4.651401230348599,English,1
13965,regularity,n,2039.0,Regelmäßigkeit,4.654818865345181,English,1
13975,comfy,j,2035.0,bequem,4.658236500341763,English,1
13985,cola,n,2032.0,Cola,4.661654135338345,English,1
13995,cartoonist,n,2030.0,Karikaturist,4.6650717703349285,English,1
14005,pap,n,2028.0,Brei,4.668489405331511,English,1
14015,dreaded,j,2026.0,gefürchtet,4.671907040328093,English,1
14025,showroom,n,2024.0,Ausstellungsraum,4.675324675324675,English,1
14035,saturation,n,2021.0,Sättigung,4.678742310321258,English,1
14045,tulip,n,2020.0,Tulpe,4.68215994531784,English,1
14055,stow,v,2018.0,verstauen,4.685577580314423,English,1
14065,reckoning,n,2016.0,Abrechnung,4.688995215311005,English,1
14075,redevelopment,n,2013.0,Sanierung,4.692412850307587,English,1
14085,switching,j,2011.0,schalten,4.695830485304169,English,1
14095,meatball,n,2008.0,Fleischbällchen,4.6992481203007515,English,1
14105,celtic,j,2007.0,keltisch,4.7026657552973345,English,1
14115,misstep,n,2004.0,Fehltritt,4.706083390293917,English,1
14125,simulator,n,2002.0,Simulator,4.709501025290499,English,1
14135,cocky,j,2000.0,großspurig,4.712918660287081,English,1
14145,invincible,j,1998.0,unbesiegbar,4.716336295283663,English,1
14155,inaction,n,1995.0,Untätigkeit,4.7197539302802465,English,1
14165,tau,n,1994.0,Tau,4.723171565276829,English,1
14175,abstain,v,1991.0,verzichten,4.726589200273411,English,1
14185,chronically,r,1988.0,chronisch,4.730006835269993,English,1
14195,sneaky,j,1985.0,hinterhältig,4.733424470266575,English,1
14205,piece,v,1982.0,Stück,4.7368421052631575,English,1
14215,instil,v,1979.0,einflößen,4.74025974025974,English,1
14225,momentous,j,1976.0,bedeutsam,4.743677375256323,English,1
14235,amp,n,1973.0,Ampere,4.747095010252905,English,1
14245,denominator,n,1969.0,Nenner,4.750512645249487,English,1
14255,dole,v,1967.0,Arbeitslosengeld,4.7539302802460695,English,1
14265,enclosed,j,1964.0,beigefügt,4.7573479152426525,English,1
14275,toaster,n,1961.0,Toaster,4.760765550239235,English,1
14285,devalue,v,1958.0,abwerten,4.764183185235817,English,1
14295,federalist,j,1956.0,Föderalist,4.767600820232399,English,1
14305,crazed,j,1954.0,verrückt,4.771018455228981,English,1
14315,pretext,n,1950.0,Vorwand,4.774436090225564,English,1
14325,digestion,n,1948.0,Verdauung,4.777853725222147,English,1
14335,electrician,n,1947.0,Elektriker,4.781271360218728,English,1
14345,inflated,j,1943.0,aufgeblasen,4.784688995215311,English,1
14365,stalker,n,1939.0,Stalker,4.788106630211893,English,1
14375,repress,v,1936.0,unterdrücken,4.7915242652084755,English,1
14385,floppy,j,1934.0,Diskette,4.794941900205058,English,1
14395,porter,n,1931.0,Porter,4.798359535201641,English,1
14405,enumerate,v,1927.0,aufzählen,4.801777170198223,English,1
14415,muzzle,n,1925.0,Schnauze,4.805194805194805,English,1
14425,dreamy,j,1924.0,verträumt,4.8086124401913874,English,1
14435,binding,n,1923.0,Bindung,4.81203007518797,English,1
14445,silicone,n,1919.0,Silikon,4.815447710184552,English,1
14455,supplant,v,1916.0,ersetzen,4.818865345181135,English,1
14475,habitual,j,1911.0,gewohnheitsmäßig,4.822282980177717,English,1
14485,mamma,n,1908.0,Mama,4.825700615174299,English,1
14495,figurative,j,1906.0,bildlich,4.829118250170882,English,1
14505,peacekeeper,n,1904.0,Friedenstruppe,4.832535885167465,English,1
14515,rowing,n,1901.0,Rudern,4.835953520164046,English,1
14525,propeller,n,1897.0,Propeller,4.839371155160629,English,1
14535,darling,j,1895.0,Schatz,4.842788790157211,English,1
14545,cherished,j,1893.0,geschätzt,4.8462064251537935,English,1
14555,innumerable,j,1891.0,unzählig,4.849624060150376,English,1
14565,jubilee,n,1888.0,Jubiläum,4.853041695146959,English,1
14575,impasse,n,1885.0,Sackgasse,4.85645933014354,English,1
14585,nap,v,1880.0,Nickerchen,4.859876965140123,English,1
14595,flail,v,1877.0,Dreschflegel,4.8632946001367054,English,1
14605,rustle,v,1875.0,rascheln,4.866712235133288,English,1
14615,padding,n,1872.0,Polsterung,4.87012987012987,English,1
14625,stalemate,n,1867.0,Patt,4.873547505126453,English,1
14635,decree,v,1864.0,Dekret,4.876965140123034,English,1
14645,sportsman,n,1861.0,Sportler,4.880382775119617,English,1
14655,meningitis,n,1859.0,Meningitis,4.8838004101162,English,1
14665,idle,v,1854.0,Leerlauf,4.887218045112782,English,1
14675,orb,n,1851.0,Kugel,4.890635680109364,English,1
14685,deluxe,j,1847.0,Deluxe,4.894053315105947,English,1
14695,solar,n,1845.0,Solar-,4.897470950102529,English,1
14705,tattoo,v,1843.0,Tätowierung,4.9008885850991115,English,1
14715,hitch,n,1841.0,Anhängerkupplung,4.904306220095694,English,1
14725,imbue,v,1840.0,durchdringen,4.907723855092277,English,1
14735,feeding,n,1837.0,Füttern,4.911141490088858,English,1
14745,observance,n,1834.0,Beachtung,4.914559125085441,English,1
14755,stockholder,n,1831.0,Aktionär,4.9179767600820234,English,1
14765,zebra,n,1829.0,Zebra,4.921394395078606,English,1
14775,unsalted,j,1825.0,ungesalzen,4.924812030075188,English,1
14785,privy,j,1823.0,eingeweiht,4.92822966507177,English,1
14795,dermatologist,n,1820.0,Dermatologe,4.931647300068352,English,1
14805,supersede,v,1819.0,ersetzen,4.935064935064935,English,1
14815,subordinate,n,1816.0,untergeordnet,4.938482570061518,English,1
14825,pivot,n,1814.0,Drehpunkt,4.9419002050581,English,1
14835,paradoxical,j,1812.0,paradox,4.945317840054682,English,1
14845,defuse,v,1809.0,entschärfen,4.948735475051265,English,1
14855,unparalleled,j,1807.0,beispiellos,4.952153110047846,English,1
14865,resurface,v,1805.0,wieder auftauchen,4.9555707450444295,English,1
14875,experimenter,n,1801.0,Experimentator,4.958988380041012,English,1
14885,causation,n,1799.0,Kausalität,4.962406015037594,English,1
14895,shank,n,1795.0,Schaft,4.965823650034176,English,1
14905,whimsical,j,1792.0,wunderlich,4.969241285030758,English,1
14915,skillful,j,1791.0,geschickt,4.9726589200273414,English,1
14925,archdiocese,n,1788.0,Erzdiözese,4.976076555023924,English,1
14935,faggot,n,1787.0,Schwuchtel,4.979494190020506,English,1
14945,denigrate,v,1785.0,verunglimpfen,4.982911825017088,English,1
14955,filipino,j,1784.0,Filipino,4.98632946001367,English,1
14965,tights,n,1781.0,Strumpfhose,4.989747095010253,English,1
14975,predispose,v,1778.0,prädisponieren,4.993164730006836,English,1
14985,attracting,j,1776.0,anziehend,4.996582365003418,English,1
14995,drench,v,1774.0,tränken,5.0,English,1
